1,Human,0.922667,0.2,0.952778,0.15,0.966197,0.917333,0.133333,0.95,0.1,0.96338,0.928,0.266667,0.955556,0.2,0.969014,
2,Human,0.933333,0.333333,0.958333,0.25,0.971831,0.906667,0,0.944444,0,0.957746,0.933333,0.333333,0.958333,0.25,0.971831,
3,Human,0.917333,0.133333,0.95,0.1,0.96338,0.917333,0.133333,0.95,0.1,0.96338,0.917333,0.133333,0.95,0.1,0.96338,
4,Human,0.917333,0.133333,0.95,0.1,0.96338,0.922667,0.2,0.952778,0.15,0.966197,0.922667,0.2,0.952778,0.15,0.966197,
5,Human,0.944,0.466667,0.963889,0.35,0.977465,0.906667,0,0.944444,0,0.957746,0.938667,0.4,0.961111,0.3,0.974648,
6,Human,0.938667,0.4,0.961111,0.3,0.974648,0.912,0.0666667,0.947222,0.05,0.960563,0.933333,0.333333,0.958333,0.25,0.971831,
7,Human,0.933333,0.333333,0.958333,0.25,0.971831,0.912,0.0666667,0.947222,0.05,0.960563,0.933333,0.333333,0.958333,0.25,0.971831,
8,Human,0.917333,0.133333,0.95,0.1,0.96338,0.912,0.0666667,0.947222,0.05,0.960563,0.912,0.0666667,0.947222,0.05,0.960563,
9,Human,0.922667,0.2,0.952778,0.15,0.966197,0.917333,0.133333,0.95,0.1,0.96338,0.917333,0.133333,0.95,0.1,0.96338,
10,Human,0.922667,0.2,0.952778,0.15,0.966197,0.928,0.266667,0.955556,0.2,0.969014,0.922667,0.2,0.952778,0.15,0.966197,
11,Human,0.933333,0.333333,0.958333,0.25,0.971831,0.917333,0.133333,0.95,0.1,0.96338,0.938667,0.4,0.961111,0.3,0.974648,
12,Human,0.933333,0.333333,0.958333,0.25,0.971831,0.906667,0,0.944444,0,0.957746,0.938667,0.4,0.961111,0.3,0.974648,
13,Human,0.912,0.0666667,0.947222,0.05,0.960563,0.922667,0.2,0.952778,0.15,0.966197,0.912,0.0666667,0.947222,0.05,0.960563,
14,Human,0.906667,0,0.944444,0,0.957746,0.917333,0.133333,0.95,0.1,0.96338,0.922667,0.2,0.952778,0.15,0.966197,
15,Human,0.912,0.0666667,0.947222,0.05,0.960563,0.917333,0.133333,0.95,0.1,0.96338,0.912,0.0666667,0.947222,0.05,0.960563,
16,Human,0.912,0.0666667,0.947222,0.05,0.960563,0.912,0.0666667,0.947222,0.05,0.960563,0.917333,0.133333,0.95,0.1,0.96338,
17,Human,0.912,0.0666667,0.947222,0.05,0.960563,0.912,0.0666667,0.947222,0.05,0.960563,0.922667,0.2,0.952778,0.15,0.966197,
18,Human,0.906667,0,0.944444,0,0.957746,0.912,0.0666667,0.947222,0.05,0.960563,0.906667,0,0.944444,0,0.957746,
19,Human,0.938667,0.4,0.961111,0.3,0.974648,0.912,0.0666667,0.947222,0.05,0.960563,0.949333,0.533333,0.966667,0.4,0.980282,
20,Human,0.922667,0.2,0.952778,0.15,0.966197,0.912,0.0666667,0.947222,0.05,0.960563,0.928,0.266667,0.955556,0.2,0.969014,
21,Cup,0.965333,0.666667,0.977778,0.555556,0.985994,0.933333,0.266667,0.961111,0.222222,0.969188,0.965333,0.666667,0.977778,0.555556,0.985994,
22,Cup,0.970667,0.733333,0.980556,0.611111,0.988796,0.928,0.2,0.958333,0.166667,0.966387,0.970667,0.733333,0.980556,0.611111,0.988796,
23,Cup,0.944,0.4,0.966667,0.333333,0.97479,0.928,0.2,0.958333,0.166667,0.966387,0.954667,0.533333,0.972222,0.444444,0.980392,
24,Cup,0.954667,0.533333,0.972222,0.444444,0.980392,0.928,0.2,0.958333,0.166667,0.966387,0.954667,0.533333,0.972222,0.444444,0.980392,
26,Cup,0.954667,0.533333,0.972222,0.444444,0.980392,0.922667,0.133333,0.955556,0.111111,0.963585,0.96,0.6,0.975,0.5,0.983193,
27,Cup,0.976,0.8,0.983333,0.666667,0.991597,0.933333,0.266667,0.961111,0.222222,0.969188,0.976,0.8,0.983333,0.666667,0.991597,
28,Cup,0.965333,0.666667,0.977778,0.555556,0.985994,0.928,0.2,0.958333,0.166667,0.966387,0.965333,0.666667,0.977778,0.555556,0.985994,
29,Cup,0.96,0.6,0.975,0.5,0.983193,0.922667,0.133333,0.955556,0.111111,0.963585,0.954667,0.533333,0.972222,0.444444,0.980392,
30,Cup,0.917333,0.0666667,0.952778,0.0555556,0.960784,0.912,0,0.95,0,0.957983,0.917333,0.0666667,0.952778,0.0555556,0.960784,
31,Cup,0.954667,0.533333,0.972222,0.444444,0.980392,0.917333,0.0666667,0.952778,0.0555556,0.960784,0.954667,0.533333,0.972222,0.444444,0.980392,
32,Cup,0.96,0.6,0.975,0.5,0.983193,0.922667,0.133333,0.955556,0.111111,0.963585,0.954667,0.533333,0.972222,0.444444,0.980392,
33,Cup,0.970667,0.733333,0.980556,0.611111,0.988796,0.922667,0.133333,0.955556,0.111111,0.963585,0.970667,0.733333,0.980556,0.611111,0.988796,
34,Cup,0.949333,0.466667,0.969444,0.388889,0.977591,0.917333,0.0666667,0.952778,0.0555556,0.960784,0.954667,0.533333,0.972222,0.444444,0.980392,
35,Cup,0.933333,0.266667,0.961111,0.222222,0.969188,0.922667,0.133333,0.955556,0.111111,0.963585,0.938667,0.333333,0.963889,0.277778,0.971989,
36,Cup,0.96,0.6,0.975,0.5,0.983193,0.922667,0.133333,0.955556,0.111111,0.963585,0.96,0.6,0.975,0.5,0.983193,
37,Cup,0.976,0.8,0.983333,0.666667,0.991597,0.949333,0.466667,0.969444,0.388889,0.977591,0.976,0.8,0.983333,0.666667,0.991597,
38,Cup,0.976,0.8,0.983333,0.666667,0.991597,0.933333,0.266667,0.961111,0.222222,0.969188,0.976,0.8,0.983333,0.666667,0.991597,
40,Cup,0.96,0.6,0.975,0.5,0.983193,0.922667,0.133333,0.955556,0.111111,0.963585,0.954667,0.533333,0.972222,0.444444,0.980392,
41,Glass,0.944,0.4,0.966667,0.333333,0.97479,0.917333,0.0666667,0.952778,0.0555556,0.960784,0.954667,0.533333,0.972222,0.444444,0.980392,
42,Glass,0.928,0.2,0.958333,0.166667,0.966387,0.922667,0.133333,0.955556,0.111111,0.963585,0.933333,0.266667,0.961111,0.222222,0.969188,
43,Glass,0.970667,0.733333,0.980556,0.611111,0.988796,0.922667,0.133333,0.955556,0.111111,0.963585,0.96,0.6,0.975,0.5,0.983193,
44,Glass,0.938667,0.333333,0.963889,0.277778,0.971989,0.933333,0.266667,0.961111,0.222222,0.969188,0.928,0.2,0.958333,0.166667,0.966387,
45,Glass,0.933333,0.266667,0.961111,0.222222,0.969188,0.922667,0.133333,0.955556,0.111111,0.963585,0.928,0.2,0.958333,0.166667,0.966387,
46,Glass,0.938667,0.333333,0.963889,0.277778,0.971989,0.917333,0.0666667,0.952778,0.0555556,0.960784,0.949333,0.466667,0.969444,0.388889,0.977591,
48,Glass,0.933333,0.266667,0.961111,0.222222,0.969188,0.917333,0.0666667,0.952778,0.0555556,0.960784,0.933333,0.266667,0.961111,0.222222,0.969188,
49,Glass,0.954667,0.533333,0.972222,0.444444,0.980392,0.917333,0.0666667,0.952778,0.0555556,0.960784,0.954667,0.533333,0.972222,0.444444,0.980392,
50,Glass,0.944,0.4,0.966667,0.333333,0.97479,0.917333,0.0666667,0.952778,0.0555556,0.960784,0.949333,0.466667,0.969444,0.388889,0.977591,
51,Glass,0.933333,0.266667,0.961111,0.222222,0.969188,0.922667,0.133333,0.955556,0.111111,0.963585,0.949333,0.466667,0.969444,0.388889,0.977591,
52,Glass,0.938667,0.333333,0.963889,0.277778,0.971989,0.928,0.2,0.958333,0.166667,0.966387,0.944,0.4,0.966667,0.333333,0.97479,
53,Glass,0.938667,0.333333,0.963889,0.277778,0.971989,0.917333,0.0666667,0.952778,0.0555556,0.960784,0.949333,0.466667,0.969444,0.388889,0.977591,
54,Glass,0.944,0.4,0.966667,0.333333,0.97479,0.917333,0.0666667,0.952778,0.0555556,0.960784,0.949333,0.466667,0.969444,0.388889,0.977591,
55,Glass,0.933333,0.266667,0.961111,0.222222,0.969188,0.928,0.2,0.958333,0.166667,0.966387,0.949333,0.466667,0.969444,0.388889,0.977591,
56,Glass,0.928,0.2,0.958333,0.166667,0.966387,0.928,0.2,0.958333,0.166667,0.966387,0.928,0.2,0.958333,0.166667,0.966387,
57,Glass,0.944,0.4,0.966667,0.333333,0.97479,0.917333,0.0666667,0.952778,0.0555556,0.960784,0.949333,0.466667,0.969444,0.388889,0.977591,
59,Glass,0.944,0.4,0.966667,0.333333,0.97479,0.917333,0.0666667,0.952778,0.0555556,0.960784,0.949333,0.466667,0.969444,0.388889,0.977591,
60,Glass,0.938667,0.333333,0.963889,0.277778,0.971989,0.922667,0.133333,0.955556,0.111111,0.963585,0.944,0.4,0.966667,0.333333,0.97479,
61,Airplane,0.938667,0.4,0.961111,0.3,0.974648,0.906667,0,0.944444,0,0.957746,0.954667,0.6,0.969444,0.45,0.983099,
62,Airplane,0.917333,0.133333,0.95,0.1,0.96338,0.917333,0.133333,0.95,0.1,0.96338,0.912,0.0666667,0.947222,0.05,0.960563,
63,Airplane,0.917333,0.133333,0.95,0.1,0.96338,0.917333,0.133333,0.95,0.1,0.96338,0.922667,0.2,0.952778,0.15,0.966197,
64,Airplane,0.954667,0.6,0.969444,0.45,0.983099,0.933333,0.333333,0.958333,0.25,0.971831,0.944,0.466667,0.963889,0.35,0.977465,
65,Airplane,0.96,0.666667,0.972222,0.5,0.985915,0.917333,0.133333,0.95,0.1,0.96338,0.96,0.666667,0.972222,0.5,0.985915,
66,Airplane,0.917333,0.133333,0.95,0.1,0.96338,0.912,0.0666667,0.947222,0.05,0.960563,0.938667,0.4,0.961111,0.3,0.974648,
67,Airplane,0.954667,0.6,0.969444,0.45,0.983099,0.922667,0.2,0.952778,0.15,0.966197,0.949333,0.533333,0.966667,0.4,0.980282,
68,Airplane,0.96,0.666667,0.972222,0.5,0.985915,0.912,0.0666667,0.947222,0.05,0.960563,0.954667,0.6,0.969444,0.45,0.983099,
69,Airplane,0.96,0.666667,0.972222,0.5,0.985915,0.917333,0.133333,0.95,0.1,0.96338,0.96,0.666667,0.972222,0.5,0.985915,
70,Airplane,0.912,0.0666667,0.947222,0.05,0.960563,0.922667,0.2,0.952778,0.15,0.966197,0.912,0.0666667,0.947222,0.05,0.960563,
71,Airplane,0.949333,0.533333,0.966667,0.4,0.980282,0.922667,0.2,0.952778,0.15,0.966197,0.944,0.466667,0.963889,0.35,0.977465,
72,Airplane,0.949333,0.533333,0.966667,0.4,0.980282,0.917333,0.133333,0.95,0.1,0.96338,0.949333,0.533333,0.966667,0.4,0.980282,
73,Airplane,0.949333,0.533333,0.966667,0.4,0.980282,0.917333,0.133333,0.95,0.1,0.96338,0.954667,0.6,0.969444,0.45,0.983099,
74,Airplane,0.949333,0.533333,0.966667,0.4,0.980282,0.917333,0.133333,0.95,0.1,0.96338,0.944,0.466667,0.963889,0.35,0.977465,
75,Airplane,0.954667,0.6,0.969444,0.45,0.983099,0.917333,0.133333,0.95,0.1,0.96338,0.949333,0.533333,0.966667,0.4,0.980282,
76,Airplane,0.933333,0.333333,0.958333,0.25,0.971831,0.917333,0.133333,0.95,0.1,0.96338,0.944,0.466667,0.963889,0.35,0.977465,
77,Airplane,0.949333,0.533333,0.966667,0.4,0.980282,0.917333,0.133333,0.95,0.1,0.96338,0.96,0.666667,0.972222,0.5,0.985915,
78,Airplane,0.96,0.666667,0.972222,0.5,0.985915,0.917333,0.133333,0.95,0.1,0.96338,0.96,0.666667,0.972222,0.5,0.985915,
79,Airplane,0.912,0.0666667,0.947222,0.05,0.960563,0.912,0.0666667,0.947222,0.05,0.960563,0.912,0.0666667,0.947222,0.05,0.960563,
80,Airplane,0.922667,0.2,0.952778,0.15,0.966197,0.912,0.0666667,0.947222,0.05,0.960563,0.928,0.266667,0.955556,0.2,0.969014,
81,Ant,0.933333,0.333333,0.958333,0.25,0.971831,0.917333,0.133333,0.95,0.1,0.96338,0.928,0.266667,0.955556,0.2,0.969014,
82,Ant,0.944,0.466667,0.963889,0.35,0.977465,0.912,0.0666667,0.947222,0.05,0.960563,0.944,0.466667,0.963889,0.35,0.977465,
83,Ant,0.933333,0.333333,0.958333,0.25,0.971831,0.917333,0.133333,0.95,0.1,0.96338,0.933333,0.333333,0.958333,0.25,0.971831,
84,Ant,0.949333,0.533333,0.966667,0.4,0.980282,0.912,0.0666667,0.947222,0.05,0.960563,0.944,0.466667,0.963889,0.35,0.977465,
85,Ant,0.922667,0.2,0.952778,0.15,0.966197,0.917333,0.133333,0.95,0.1,0.96338,0.938667,0.4,0.961111,0.3,0.974648,
86,Ant,0.949333,0.533333,0.966667,0.4,0.980282,0.917333,0.133333,0.95,0.1,0.96338,0.949333,0.533333,0.966667,0.4,0.980282,
87,Ant,0.944,0.466667,0.963889,0.35,0.977465,0.912,0.0666667,0.947222,0.05,0.960563,0.944,0.466667,0.963889,0.35,0.977465,
88,Ant,0.944,0.466667,0.963889,0.35,0.977465,0.912,0.0666667,0.947222,0.05,0.960563,0.938667,0.4,0.961111,0.3,0.974648,
89,Ant,0.922667,0.2,0.952778,0.15,0.966197,0.917333,0.133333,0.95,0.1,0.96338,0.933333,0.333333,0.958333,0.25,0.971831,
90,Ant,0.944,0.466667,0.963889,0.35,0.977465,0.922667,0.2,0.952778,0.15,0.966197,0.944,0.466667,0.963889,0.35,0.977465,
91,Ant,0.954667,0.6,0.969444,0.45,0.983099,0.912,0.0666667,0.947222,0.05,0.960563,0.933333,0.333333,0.958333,0.25,0.971831,
92,Ant,0.933333,0.333333,0.958333,0.25,0.971831,0.917333,0.133333,0.95,0.1,0.96338,0.933333,0.333333,0.958333,0.25,0.971831,
93,Ant,0.928,0.266667,0.955556,0.2,0.969014,0.917333,0.133333,0.95,0.1,0.96338,0.938667,0.4,0.961111,0.3,0.974648,
94,Ant,0.928,0.266667,0.955556,0.2,0.969014,0.917333,0.133333,0.95,0.1,0.96338,0.922667,0.2,0.952778,0.15,0.966197,
95,Ant,0.917333,0.133333,0.95,0.1,0.96338,0.922667,0.2,0.952778,0.15,0.966197,0.922667,0.2,0.952778,0.15,0.966197,
96,Ant,0.933333,0.333333,0.958333,0.25,0.971831,0.917333,0.133333,0.95,0.1,0.96338,0.938667,0.4,0.961111,0.3,0.974648,
97,Ant,0.933333,0.333333,0.958333,0.25,0.971831,0.912,0.0666667,0.947222,0.05,0.960563,0.938667,0.4,0.961111,0.3,0.974648,
98,Ant,0.922667,0.2,0.952778,0.15,0.966197,0.912,0.0666667,0.947222,0.05,0.960563,0.928,0.266667,0.955556,0.2,0.969014,
99,Ant,0.933333,0.333333,0.958333,0.25,0.971831,0.922667,0.2,0.952778,0.15,0.966197,0.933333,0.333333,0.958333,0.25,0.971831,
100,Ant,0.917333,0.133333,0.95,0.1,0.96338,0.912,0.0666667,0.947222,0.05,0.960563,0.922667,0.2,0.952778,0.15,0.966197,
101,Chair,0.976,0.866667,0.980556,0.65,0.994366,0.912,0.0666667,0.947222,0.05,0.960563,0.976,0.866667,0.980556,0.65,0.994366,
102,Chair,0.970667,0.8,0.977778,0.6,0.991549,0.917333,0.133333,0.95,0.1,0.96338,0.970667,0.8,0.977778,0.6,0.991549,
103,Chair,0.944,0.466667,0.963889,0.35,0.977465,0.906667,0,0.944444,0,0.957746,0.944,0.466667,0.963889,0.35,0.977465,
104,Chair,0.981333,0.933333,0.983333,0.7,0.997183,0.912,0.0666667,0.947222,0.05,0.960563,0.976,0.866667,0.980556,0.65,0.994366,
105,Chair,0.976,0.866667,0.980556,0.65,0.994366,0.912,0.0666667,0.947222,0.05,0.960563,0.96,0.666667,0.972222,0.5,0.985915,
106,Chair,0.981333,0.933333,0.983333,0.7,0.997183,0.912,0.0666667,0.947222,0.05,0.960563,0.981333,0.933333,0.983333,0.7,0.997183,
107,Chair,0.976,0.866667,0.980556,0.65,0.994366,0.912,0.0666667,0.947222,0.05,0.960563,0.970667,0.8,0.977778,0.6,0.991549,
108,Chair,0.976,0.866667,0.980556,0.65,0.994366,0.922667,0.2,0.952778,0.15,0.966197,0.970667,0.8,0.977778,0.6,0.991549,
109,Chair,0.938667,0.4,0.961111,0.3,0.974648,0.912,0.0666667,0.947222,0.05,0.960563,0.938667,0.4,0.961111,0.3,0.974648,
110,Chair,0.976,0.866667,0.980556,0.65,0.994366,0.912,0.0666667,0.947222,0.05,0.960563,0.970667,0.8,0.977778,0.6,0.991549,
111,Chair,0.976,0.866667,0.980556,0.65,0.994366,0.912,0.0666667,0.947222,0.05,0.960563,0.970667,0.8,0.977778,0.6,0.991549,
112,Chair,0.976,0.866667,0.980556,0.65,0.994366,0.912,0.0666667,0.947222,0.05,0.960563,0.976,0.866667,0.980556,0.65,0.994366,
113,Chair,0.976,0.866667,0.980556,0.65,0.994366,0.917333,0.133333,0.95,0.1,0.96338,0.981333,0.933333,0.983333,0.7,0.997183,
114,Chair,0.922667,0.2,0.952778,0.15,0.966197,0.912,0.0666667,0.947222,0.05,0.960563,0.922667,0.2,0.952778,0.15,0.966197,
115,Chair,0.981333,0.933333,0.983333,0.7,0.997183,0.917333,0.133333,0.95,0.1,0.96338,0.976,0.866667,0.980556,0.65,0.994366,
116,Chair,0.981333,0.933333,0.983333,0.7,0.997183,0.922667,0.2,0.952778,0.15,0.966197,0.976,0.866667,0.980556,0.65,0.994366,
117,Chair,0.933333,0.333333,0.958333,0.25,0.971831,0.912,0.0666667,0.947222,0.05,0.960563,0.928,0.266667,0.955556,0.2,0.969014,
118,Chair,0.976,0.866667,0.980556,0.65,0.994366,0.912,0.0666667,0.947222,0.05,0.960563,0.976,0.866667,0.980556,0.65,0.994366,
119,Chair,0.981333,0.933333,0.983333,0.7,0.997183,0.912,0.0666667,0.947222,0.05,0.960563,0.981333,0.933333,0.983333,0.7,0.997183,
120,Chair,0.976,0.866667,0.980556,0.65,0.994366,0.912,0.0666667,0.947222,0.05,0.960563,0.970667,0.8,0.977778,0.6,0.991549,
121,Octopus,0.912,0.0666667,0.947222,0.05,0.960563,0.906667,0,0.944444,0,0.957746,0.912,0.0666667,0.947222,0.05,0.960563,
122,Octopus,0.928,0.266667,0.955556,0.2,0.969014,0.912,0.0666667,0.947222,0.05,0.960563,0.917333,0.133333,0.95,0.1,0.96338,
123,Octopus,0.906667,0,0.944444,0,0.957746,0.912,0.0666667,0.947222,0.05,0.960563,0.906667,0,0.944444,0,0.957746,
124,Octopus,0.938667,0.4,0.961111,0.3,0.974648,0.912,0.0666667,0.947222,0.05,0.960563,0.949333,0.533333,0.966667,0.4,0.980282,
125,Octopus,0.917333,0.133333,0.95,0.1,0.96338,0.917333,0.133333,0.95,0.1,0.96338,0.912,0.0666667,0.947222,0.05,0.960563,
126,Octopus,0.922667,0.2,0.952778,0.15,0.966197,0.917333,0.133333,0.95,0.1,0.96338,0.922667,0.2,0.952778,0.15,0.966197,
127,Octopus,0.922667,0.2,0.952778,0.15,0.966197,0.912,0.0666667,0.947222,0.05,0.960563,0.917333,0.133333,0.95,0.1,0.96338,
128,Octopus,0.912,0.0666667,0.947222,0.05,0.960563,0.906667,0,0.944444,0,0.957746,0.912,0.0666667,0.947222,0.05,0.960563,
129,Octopus,0.933333,0.333333,0.958333,0.25,0.971831,0.912,0.0666667,0.947222,0.05,0.960563,0.928,0.266667,0.955556,0.2,0.969014,
130,Octopus,0.938667,0.4,0.961111,0.3,0.974648,0.912,0.0666667,0.947222,0.05,0.960563,0.938667,0.4,0.961111,0.3,0.974648,
131,Octopus,0.917333,0.133333,0.95,0.1,0.96338,0.912,0.0666667,0.947222,0.05,0.960563,0.917333,0.133333,0.95,0.1,0.96338,
132,Octopus,0.906667,0,0.944444,0,0.957746,0.906667,0,0.944444,0,0.957746,0.906667,0,0.944444,0,0.957746,
133,Octopus,0.912,0.0666667,0.947222,0.05,0.960563,0.906667,0,0.944444,0,0.957746,0.912,0.0666667,0.947222,0.05,0.960563,
134,Octopus,0.922667,0.2,0.952778,0.15,0.966197,0.917333,0.133333,0.95,0.1,0.96338,0.917333,0.133333,0.95,0.1,0.96338,
135,Octopus,0.922667,0.2,0.952778,0.15,0.966197,0.912,0.0666667,0.947222,0.05,0.960563,0.928,0.266667,0.955556,0.2,0.969014,
136,Octopus,0.912,0.0666667,0.947222,0.05,0.960563,0.906667,0,0.944444,0,0.957746,0.912,0.0666667,0.947222,0.05,0.960563,
137,Octopus,0.944,0.466667,0.963889,0.35,0.977465,0.912,0.0666667,0.947222,0.05,0.960563,0.938667,0.4,0.961111,0.3,0.974648,
138,Octopus,0.928,0.266667,0.955556,0.2,0.969014,0.912,0.0666667,0.947222,0.05,0.960563,0.928,0.266667,0.955556,0.2,0.969014,
139,Octopus,0.917333,0.133333,0.95,0.1,0.96338,0.912,0.0666667,0.947222,0.05,0.960563,0.922667,0.2,0.952778,0.15,0.966197,
140,Octopus,0.917333,0.133333,0.95,0.1,0.96338,0.912,0.0666667,0.947222,0.05,0.960563,0.917333,0.133333,0.95,0.1,0.96338,
141,Table,0.944,0.466667,0.963889,0.35,0.977465,0.912,0.0666667,0.947222,0.05,0.960563,0.944,0.466667,0.963889,0.35,0.977465,
142,Table,0.933333,0.333333,0.958333,0.25,0.971831,0.906667,0,0.944444,0,0.957746,0.938667,0.4,0.961111,0.3,0.974648,
143,Table,0.917333,0.133333,0.95,0.1,0.96338,0.912,0.0666667,0.947222,0.05,0.960563,0.933333,0.333333,0.958333,0.25,0.971831,
144,Table,0.938667,0.4,0.961111,0.3,0.974648,0.922667,0.2,0.952778,0.15,0.966197,0.949333,0.533333,0.966667,0.4,0.980282,
145,Table,0.944,0.466667,0.963889,0.35,0.977465,0.912,0.0666667,0.947222,0.05,0.960563,0.96,0.666667,0.972222,0.5,0.985915,
146,Table,0.922667,0.2,0.952778,0.15,0.966197,0.906667,0,0.944444,0,0.957746,0.933333,0.333333,0.958333,0.25,0.971831,
147,Table,0.917333,0.133333,0.95,0.1,0.96338,0.912,0.0666667,0.947222,0.05,0.960563,0.922667,0.2,0.952778,0.15,0.966197,
148,Table,0.928,0.266667,0.955556,0.2,0.969014,0.917333,0.133333,0.95,0.1,0.96338,0.928,0.266667,0.955556,0.2,0.969014,
149,Table,0.933333,0.333333,0.958333,0.25,0.971831,0.928,0.266667,0.955556,0.2,0.969014,0.933333,0.333333,0.958333,0.25,0.971831,
150,Table,0.938667,0.4,0.961111,0.3,0.974648,0.906667,0,0.944444,0,0.957746,0.938667,0.4,0.961111,0.3,0.974648,
151,Table,0.949333,0.533333,0.966667,0.4,0.980282,0.912,0.0666667,0.947222,0.05,0.960563,0.954667,0.6,0.969444,0.45,0.983099,
152,Table,0.906667,0,0.944444,0,0.957746,0.917333,0.133333,0.95,0.1,0.96338,0.906667,0,0.944444,0,0.957746,
153,Table,0.944,0.466667,0.963889,0.35,0.977465,0.922667,0.2,0.952778,0.15,0.966197,0.944,0.466667,0.963889,0.35,0.977465,
154,Table,0.949333,0.533333,0.966667,0.4,0.980282,0.912,0.0666667,0.947222,0.05,0.960563,0.954667,0.6,0.969444,0.45,0.983099,
155,Table,0.922667,0.2,0.952778,0.15,0.966197,0.912,0.0666667,0.947222,0.05,0.960563,0.928,0.266667,0.955556,0.2,0.969014,
156,Table,0.933333,0.333333,0.958333,0.25,0.971831,0.922667,0.2,0.952778,0.15,0.966197,0.938667,0.4,0.961111,0.3,0.974648,
157,Table,0.933333,0.333333,0.958333,0.25,0.971831,0.922667,0.2,0.952778,0.15,0.966197,0.928,0.266667,0.955556,0.2,0.969014,
158,Table,0.954667,0.6,0.969444,0.45,0.983099,0.922667,0.2,0.952778,0.15,0.966197,0.954667,0.6,0.969444,0.45,0.983099,
159,Table,0.954667,0.6,0.969444,0.45,0.983099,0.922667,0.2,0.952778,0.15,0.966197,0.954667,0.6,0.969444,0.45,0.983099,
160,Table,0.944,0.466667,0.963889,0.35,0.977465,0.912,0.0666667,0.947222,0.05,0.960563,0.954667,0.6,0.969444,0.45,0.983099,
161,Teddy,0.944,0.466667,0.963889,0.35,0.977465,0.933333,0.333333,0.958333,0.25,0.971831,0.944,0.466667,0.963889,0.35,0.977465,
162,Teddy,0.944,0.466667,0.963889,0.35,0.977465,0.917333,0.133333,0.95,0.1,0.96338,0.949333,0.533333,0.966667,0.4,0.980282,
163,Teddy,0.96,0.666667,0.972222,0.5,0.985915,0.922667,0.2,0.952778,0.15,0.966197,0.970667,0.8,0.977778,0.6,0.991549,
164,Teddy,0.944,0.466667,0.963889,0.35,0.977465,0.922667,0.2,0.952778,0.15,0.966197,0.944,0.466667,0.963889,0.35,0.977465,
165,Teddy,0.965333,0.733333,0.975,0.55,0.988732,0.922667,0.2,0.952778,0.15,0.966197,0.96,0.666667,0.972222,0.5,0.985915,
166,Teddy,0.965333,0.733333,0.975,0.55,0.988732,0.938667,0.4,0.961111,0.3,0.974648,0.976,0.866667,0.980556,0.65,0.994366,
167,Teddy,0.954667,0.6,0.969444,0.45,0.983099,0.917333,0.133333,0.95,0.1,0.96338,0.96,0.666667,0.972222,0.5,0.985915,
168,Teddy,0.96,0.666667,0.972222,0.5,0.985915,0.933333,0.333333,0.958333,0.25,0.971831,0.965333,0.733333,0.975,0.55,0.988732,
169,Teddy,0.96,0.666667,0.972222,0.5,0.985915,0.933333,0.333333,0.958333,0.25,0.971831,0.965333,0.733333,0.975,0.55,0.988732,
170,Teddy,0.965333,0.733333,0.975,0.55,0.988732,0.928,0.266667,0.955556,0.2,0.969014,0.965333,0.733333,0.975,0.55,0.988732,
171,Teddy,0.954667,0.6,0.969444,0.45,0.983099,0.938667,0.4,0.961111,0.3,0.974648,0.965333,0.733333,0.975,0.55,0.988732,
172,Teddy,0.928,0.266667,0.955556,0.2,0.969014,0.928,0.266667,0.955556,0.2,0.969014,0.938667,0.4,0.961111,0.3,0.974648,
173,Teddy,0.96,0.666667,0.972222,0.5,0.985915,0.912,0.0666667,0.947222,0.05,0.960563,0.96,0.666667,0.972222,0.5,0.985915,
174,Teddy,0.944,0.466667,0.963889,0.35,0.977465,0.933333,0.333333,0.958333,0.25,0.971831,0.944,0.466667,0.963889,0.35,0.977465,
175,Teddy,0.965333,0.733333,0.975,0.55,0.988732,0.938667,0.4,0.961111,0.3,0.974648,0.965333,0.733333,0.975,0.55,0.988732,
176,Teddy,0.928,0.266667,0.955556,0.2,0.969014,0.933333,0.333333,0.958333,0.25,0.971831,0.933333,0.333333,0.958333,0.25,0.971831,
177,Teddy,0.954667,0.6,0.969444,0.45,0.983099,0.928,0.266667,0.955556,0.2,0.969014,0.954667,0.6,0.969444,0.45,0.983099,
178,Teddy,0.949333,0.533333,0.966667,0.4,0.980282,0.922667,0.2,0.952778,0.15,0.966197,0.954667,0.6,0.969444,0.45,0.983099,
179,Teddy,0.949333,0.533333,0.966667,0.4,0.980282,0.917333,0.133333,0.95,0.1,0.96338,0.954667,0.6,0.969444,0.45,0.983099,
180,Teddy,0.954667,0.6,0.969444,0.45,0.983099,0.922667,0.2,0.952778,0.15,0.966197,0.954667,0.6,0.969444,0.45,0.983099,
181,Hand,0.928,0.266667,0.955556,0.2,0.969014,0.917333,0.133333,0.95,0.1,0.96338,0.922667,0.2,0.952778,0.15,0.966197,
182,Hand,0.922667,0.2,0.952778,0.15,0.966197,0.928,0.266667,0.955556,0.2,0.969014,0.922667,0.2,0.952778,0.15,0.966197,
183,Hand,0.928,0.266667,0.955556,0.2,0.969014,0.912,0.0666667,0.947222,0.05,0.960563,0.912,0.0666667,0.947222,0.05,0.960563,
184,Hand,0.933333,0.333333,0.958333,0.25,0.971831,0.922667,0.2,0.952778,0.15,0.966197,0.928,0.266667,0.955556,0.2,0.969014,
185,Hand,0.912,0.0666667,0.947222,0.05,0.960563,0.928,0.266667,0.955556,0.2,0.969014,0.912,0.0666667,0.947222,0.05,0.960563,
186,Hand,0.928,0.266667,0.955556,0.2,0.969014,0.928,0.266667,0.955556,0.2,0.969014,0.933333,0.333333,0.958333,0.25,0.971831,
187,Hand,0.928,0.266667,0.955556,0.2,0.969014,0.928,0.266667,0.955556,0.2,0.969014,0.928,0.266667,0.955556,0.2,0.969014,
188,Hand,0.928,0.266667,0.955556,0.2,0.969014,0.917333,0.133333,0.95,0.1,0.96338,0.933333,0.333333,0.958333,0.25,0.971831,
189,Hand,0.906667,0,0.944444,0,0.957746,0.917333,0.133333,0.95,0.1,0.96338,0.906667,0,0.944444,0,0.957746,
190,Hand,0.922667,0.2,0.952778,0.15,0.966197,0.917333,0.133333,0.95,0.1,0.96338,0.933333,0.333333,0.958333,0.25,0.971831,
191,Hand,0.906667,0,0.944444,0,0.957746,0.922667,0.2,0.952778,0.15,0.966197,0.912,0.0666667,0.947222,0.05,0.960563,
192,Hand,0.912,0.0666667,0.947222,0.05,0.960563,0.917333,0.133333,0.95,0.1,0.96338,0.912,0.0666667,0.947222,0.05,0.960563,
193,Hand,0.928,0.266667,0.955556,0.2,0.969014,0.912,0.0666667,0.947222,0.05,0.960563,0.938667,0.4,0.961111,0.3,0.974648,
194,Hand,0.933333,0.333333,0.958333,0.25,0.971831,0.922667,0.2,0.952778,0.15,0.966197,0.933333,0.333333,0.958333,0.25,0.971831,
195,Hand,0.938667,0.4,0.961111,0.3,0.974648,0.922667,0.2,0.952778,0.15,0.966197,0.938667,0.4,0.961111,0.3,0.974648,
196,Hand,0.933333,0.333333,0.958333,0.25,0.971831,0.928,0.266667,0.955556,0.2,0.969014,0.938667,0.4,0.961111,0.3,0.974648,
197,Hand,0.933333,0.333333,0.958333,0.25,0.971831,0.933333,0.333333,0.958333,0.25,0.971831,0.938667,0.4,0.961111,0.3,0.974648,
198,Hand,0.922667,0.2,0.952778,0.15,0.966197,0.906667,0,0.944444,0,0.957746,0.917333,0.133333,0.95,0.1,0.96338,
199,Hand,0.922667,0.2,0.952778,0.15,0.966197,0.917333,0.133333,0.95,0.1,0.96338,0.922667,0.2,0.952778,0.15,0.966197,
200,Hand,0.928,0.266667,0.955556,0.2,0.969014,0.928,0.266667,0.955556,0.2,0.969014,0.922667,0.2,0.952778,0.15,0.966197,
201,Plier,0.949333,0.533333,0.966667,0.4,0.980282,0.922667,0.2,0.952778,0.15,0.966197,0.949333,0.533333,0.966667,0.4,0.980282,
202,Plier,0.949333,0.533333,0.966667,0.4,0.980282,0.917333,0.133333,0.95,0.1,0.96338,0.949333,0.533333,0.966667,0.4,0.980282,
203,Plier,0.96,0.666667,0.972222,0.5,0.985915,0.917333,0.133333,0.95,0.1,0.96338,0.965333,0.733333,0.975,0.55,0.988732,
204,Plier,0.949333,0.533333,0.966667,0.4,0.980282,0.917333,0.133333,0.95,0.1,0.96338,0.944,0.466667,0.963889,0.35,0.977465,
205,Plier,0.96,0.666667,0.972222,0.5,0.985915,0.917333,0.133333,0.95,0.1,0.96338,0.96,0.666667,0.972222,0.5,0.985915,
206,Plier,0.96,0.666667,0.972222,0.5,0.985915,0.917333,0.133333,0.95,0.1,0.96338,0.965333,0.733333,0.975,0.55,0.988732,
207,Plier,0.96,0.666667,0.972222,0.5,0.985915,0.917333,0.133333,0.95,0.1,0.96338,0.976,0.866667,0.980556,0.65,0.994366,
208,Plier,0.976,0.866667,0.980556,0.65,0.994366,0.928,0.266667,0.955556,0.2,0.969014,0.970667,0.8,0.977778,0.6,0.991549,
209,Plier,0.976,0.866667,0.980556,0.65,0.994366,0.928,0.266667,0.955556,0.2,0.969014,0.976,0.866667,0.980556,0.65,0.994366,
210,Plier,0.970667,0.8,0.977778,0.6,0.991549,0.917333,0.133333,0.95,0.1,0.96338,0.970667,0.8,0.977778,0.6,0.991549,
211,Plier,0.96,0.666667,0.972222,0.5,0.985915,0.917333,0.133333,0.95,0.1,0.96338,0.954667,0.6,0.969444,0.45,0.983099,
212,Plier,0.949333,0.533333,0.966667,0.4,0.980282,0.917333,0.133333,0.95,0.1,0.96338,0.944,0.466667,0.963889,0.35,0.977465,
213,Plier,0.949333,0.533333,0.966667,0.4,0.980282,0.912,0.0666667,0.947222,0.05,0.960563,0.944,0.466667,0.963889,0.35,0.977465,
214,Plier,0.949333,0.533333,0.966667,0.4,0.980282,0.917333,0.133333,0.95,0.1,0.96338,0.944,0.466667,0.963889,0.35,0.977465,
215,Plier,0.944,0.466667,0.963889,0.35,0.977465,0.922667,0.2,0.952778,0.15,0.966197,0.944,0.466667,0.963889,0.35,0.977465,
216,Plier,0.938667,0.4,0.961111,0.3,0.974648,0.912,0.0666667,0.947222,0.05,0.960563,0.944,0.466667,0.963889,0.35,0.977465,
217,Plier,0.976,0.866667,0.980556,0.65,0.994366,0.917333,0.133333,0.95,0.1,0.96338,0.976,0.866667,0.980556,0.65,0.994366,
218,Plier,0.970667,0.8,0.977778,0.6,0.991549,0.928,0.266667,0.955556,0.2,0.969014,0.965333,0.733333,0.975,0.55,0.988732,
219,Plier,0.981333,0.933333,0.983333,0.7,0.997183,0.922667,0.2,0.952778,0.15,0.966197,0.976,0.866667,0.980556,0.65,0.994366,
220,Plier,0.981333,0.933333,0.983333,0.7,0.997183,0.917333,0.133333,0.95,0.1,0.96338,0.976,0.866667,0.980556,0.65,0.994366,
221,Fish,0.944,0.466667,0.963889,0.35,0.977465,0.917333,0.133333,0.95,0.1,0.96338,0.938667,0.4,0.961111,0.3,0.974648,
222,Fish,0.96,0.666667,0.972222,0.5,0.985915,0.917333,0.133333,0.95,0.1,0.96338,0.970667,0.8,0.977778,0.6,0.991549,
223,Fish,0.949333,0.533333,0.966667,0.4,0.980282,0.906667,0,0.944444,0,0.957746,0.949333,0.533333,0.966667,0.4,0.980282,
224,Fish,0.949333,0.533333,0.966667,0.4,0.980282,0.917333,0.133333,0.95,0.1,0.96338,0.96,0.666667,0.972222,0.5,0.985915,
225,Fish,0.954667,0.6,0.969444,0.45,0.983099,0.917333,0.133333,0.95,0.1,0.96338,0.954667,0.6,0.969444,0.45,0.983099,
226,Fish,0.954667,0.6,0.969444,0.45,0.983099,0.922667,0.2,0.952778,0.15,0.966197,0.970667,0.8,0.977778,0.6,0.991549,
227,Fish,0.96,0.666667,0.972222,0.5,0.985915,0.917333,0.133333,0.95,0.1,0.96338,0.970667,0.8,0.977778,0.6,0.991549,
228,Fish,0.96,0.666667,0.972222,0.5,0.985915,0.917333,0.133333,0.95,0.1,0.96338,0.970667,0.8,0.977778,0.6,0.991549,
229,Fish,0.965333,0.733333,0.975,0.55,0.988732,0.917333,0.133333,0.95,0.1,0.96338,0.965333,0.733333,0.975,0.55,0.988732,
230,Fish,0.928,0.266667,0.955556,0.2,0.969014,0.917333,0.133333,0.95,0.1,0.96338,0.922667,0.2,0.952778,0.15,0.966197,
231,Fish,0.949333,0.533333,0.966667,0.4,0.980282,0.906667,0,0.944444,0,0.957746,0.96,0.666667,0.972222,0.5,0.985915,
232,Fish,0.954667,0.6,0.969444,0.45,0.983099,0.917333,0.133333,0.95,0.1,0.96338,0.96,0.666667,0.972222,0.5,0.985915,
233,Fish,0.912,0.0666667,0.947222,0.05,0.960563,0.917333,0.133333,0.95,0.1,0.96338,0.906667,0,0.944444,0,0.957746,
234,Fish,0.949333,0.533333,0.966667,0.4,0.980282,0.917333,0.133333,0.95,0.1,0.96338,0.933333,0.333333,0.958333,0.25,0.971831,
235,Fish,0.96,0.666667,0.972222,0.5,0.985915,0.917333,0.133333,0.95,0.1,0.96338,0.965333,0.733333,0.975,0.55,0.988732,
236,Fish,0.944,0.466667,0.963889,0.35,0.977465,0.917333,0.133333,0.95,0.1,0.96338,0.949333,0.533333,0.966667,0.4,0.980282,
237,Fish,0.928,0.266667,0.955556,0.2,0.969014,0.922667,0.2,0.952778,0.15,0.966197,0.938667,0.4,0.961111,0.3,0.974648,
238,Fish,0.954667,0.6,0.969444,0.45,0.983099,0.912,0.0666667,0.947222,0.05,0.960563,0.965333,0.733333,0.975,0.55,0.988732,
239,Fish,0.938667,0.4,0.961111,0.3,0.974648,0.912,0.0666667,0.947222,0.05,0.960563,0.949333,0.533333,0.966667,0.4,0.980282,
240,Fish,0.944,0.466667,0.963889,0.35,0.977465,0.912,0.0666667,0.947222,0.05,0.960563,0.944,0.466667,0.963889,0.35,0.977465,
241,Bird,0.912,0.0666667,0.947222,0.05,0.960563,0.917333,0.133333,0.95,0.1,0.96338,0.917333,0.133333,0.95,0.1,0.96338,
242,Bird,0.922667,0.2,0.952778,0.15,0.966197,0.912,0.0666667,0.947222,0.05,0.960563,0.912,0.0666667,0.947222,0.05,0.960563,
243,Bird,0.922667,0.2,0.952778,0.15,0.966197,0.912,0.0666667,0.947222,0.05,0.960563,0.917333,0.133333,0.95,0.1,0.96338,
244,Bird,0.917333,0.133333,0.95,0.1,0.96338,0.912,0.0666667,0.947222,0.05,0.960563,0.917333,0.133333,0.95,0.1,0.96338,
245,Bird,0.933333,0.333333,0.958333,0.25,0.971831,0.917333,0.133333,0.95,0.1,0.96338,0.922667,0.2,0.952778,0.15,0.966197,
246,Bird,0.917333,0.133333,0.95,0.1,0.96338,0.917333,0.133333,0.95,0.1,0.96338,0.928,0.266667,0.955556,0.2,0.969014,
247,Bird,0.928,0.266667,0.955556,0.2,0.969014,0.912,0.0666667,0.947222,0.05,0.960563,0.928,0.266667,0.955556,0.2,0.969014,
248,Bird,0.917333,0.133333,0.95,0.1,0.96338,0.912,0.0666667,0.947222,0.05,0.960563,0.917333,0.133333,0.95,0.1,0.96338,
249,Bird,0.917333,0.133333,0.95,0.1,0.96338,0.917333,0.133333,0.95,0.1,0.96338,0.917333,0.133333,0.95,0.1,0.96338,
250,Bird,0.922667,0.2,0.952778,0.15,0.966197,0.922667,0.2,0.952778,0.15,0.966197,0.928,0.266667,0.955556,0.2,0.969014,
251,Bird,0.922667,0.2,0.952778,0.15,0.966197,0.912,0.0666667,0.947222,0.05,0.960563,0.917333,0.133333,0.95,0.1,0.96338,
252,Bird,0.933333,0.333333,0.958333,0.25,0.971831,0.922667,0.2,0.952778,0.15,0.966197,0.922667,0.2,0.952778,0.15,0.966197,
253,Bird,0.912,0.0666667,0.947222,0.05,0.960563,0.917333,0.133333,0.95,0.1,0.96338,0.912,0.0666667,0.947222,0.05,0.960563,
254,Bird,0.922667,0.2,0.952778,0.15,0.966197,0.917333,0.133333,0.95,0.1,0.96338,0.922667,0.2,0.952778,0.15,0.966197,
255,Bird,0.922667,0.2,0.952778,0.15,0.966197,0.917333,0.133333,0.95,0.1,0.96338,0.917333,0.133333,0.95,0.1,0.96338,
256,Bird,0.917333,0.133333,0.95,0.1,0.96338,0.912,0.0666667,0.947222,0.05,0.960563,0.922667,0.2,0.952778,0.15,0.966197,
257,Bird,0.922667,0.2,0.952778,0.15,0.966197,0.917333,0.133333,0.95,0.1,0.96338,0.906667,0,0.944444,0,0.957746,
258,Bird,0.928,0.266667,0.955556,0.2,0.969014,0.917333,0.133333,0.95,0.1,0.96338,0.922667,0.2,0.952778,0.15,0.966197,
259,Bird,0.912,0.0666667,0.947222,0.05,0.960563,0.917333,0.133333,0.95,0.1,0.96338,0.912,0.0666667,0.947222,0.05,0.960563,
260,Bird,0.917333,0.133333,0.95,0.1,0.96338,0.906667,0,0.944444,0,0.957746,0.917333,0.133333,0.95,0.1,0.96338,
281,Armadillo,0.944,0.466667,0.963889,0.35,0.977465,0.912,0.0666667,0.947222,0.05,0.960563,0.938667,0.4,0.961111,0.3,0.974648,
282,Armadillo,0.949333,0.533333,0.966667,0.4,0.980282,0.917333,0.133333,0.95,0.1,0.96338,0.938667,0.4,0.961111,0.3,0.974648,
283,Armadillo,0.912,0.0666667,0.947222,0.05,0.960563,0.917333,0.133333,0.95,0.1,0.96338,0.912,0.0666667,0.947222,0.05,0.960563,
284,Armadillo,0.928,0.266667,0.955556,0.2,0.969014,0.912,0.0666667,0.947222,0.05,0.960563,0.933333,0.333333,0.958333,0.25,0.971831,
285,Armadillo,0.933333,0.333333,0.958333,0.25,0.971831,0.917333,0.133333,0.95,0.1,0.96338,0.933333,0.333333,0.958333,0.25,0.971831,
286,Armadillo,0.933333,0.333333,0.958333,0.25,0.971831,0.912,0.0666667,0.947222,0.05,0.960563,0.928,0.266667,0.955556,0.2,0.969014,
287,Armadillo,0.944,0.466667,0.963889,0.35,0.977465,0.917333,0.133333,0.95,0.1,0.96338,0.944,0.466667,0.963889,0.35,0.977465,
288,Armadillo,0.938667,0.4,0.961111,0.3,0.974648,0.917333,0.133333,0.95,0.1,0.96338,0.938667,0.4,0.961111,0.3,0.974648,
289,Armadillo,0.944,0.466667,0.963889,0.35,0.977465,0.917333,0.133333,0.95,0.1,0.96338,0.938667,0.4,0.961111,0.3,0.974648,
290,Armadillo,0.928,0.266667,0.955556,0.2,0.969014,0.917333,0.133333,0.95,0.1,0.96338,0.912,0.0666667,0.947222,0.05,0.960563,
291,Armadillo,0.917333,0.133333,0.95,0.1,0.96338,0.912,0.0666667,0.947222,0.05,0.960563,0.928,0.266667,0.955556,0.2,0.969014,
292,Armadillo,0.944,0.466667,0.963889,0.35,0.977465,0.912,0.0666667,0.947222,0.05,0.960563,0.949333,0.533333,0.966667,0.4,0.980282,
293,Armadillo,0.933333,0.333333,0.958333,0.25,0.971831,0.917333,0.133333,0.95,0.1,0.96338,0.933333,0.333333,0.958333,0.25,0.971831,
294,Armadillo,0.912,0.0666667,0.947222,0.05,0.960563,0.912,0.0666667,0.947222,0.05,0.960563,0.912,0.0666667,0.947222,0.05,0.960563,
295,Armadillo,0.922667,0.2,0.952778,0.15,0.966197,0.922667,0.2,0.952778,0.15,0.966197,0.928,0.266667,0.955556,0.2,0.969014,
296,Armadillo,0.938667,0.4,0.961111,0.3,0.974648,0.928,0.266667,0.955556,0.2,0.969014,0.938667,0.4,0.961111,0.3,0.974648,
297,Armadillo,0.917333,0.133333,0.95,0.1,0.96338,0.922667,0.2,0.952778,0.15,0.966197,0.917333,0.133333,0.95,0.1,0.96338,
298,Armadillo,0.938667,0.4,0.961111,0.3,0.974648,0.917333,0.133333,0.95,0.1,0.96338,0.938667,0.4,0.961111,0.3,0.974648,
299,Armadillo,0.933333,0.333333,0.958333,0.25,0.971831,0.912,0.0666667,0.947222,0.05,0.960563,0.933333,0.333333,0.958333,0.25,0.971831,
300,Armadillo,0.944,0.466667,0.963889,0.35,0.977465,0.912,0.0666667,0.947222,0.05,0.960563,0.938667,0.4,0.961111,0.3,0.974648,
301,Bust,0.912,0.0666667,0.947222,0.05,0.960563,0.912,0.0666667,0.947222,0.05,0.960563,0.912,0.0666667,0.947222,0.05,0.960563,
302,Bust,0.965333,0.733333,0.975,0.55,0.988732,0.912,0.0666667,0.947222,0.05,0.960563,0.96,0.666667,0.972222,0.5,0.985915,
303,Bust,0.933333,0.333333,0.958333,0.25,0.971831,0.912,0.0666667,0.947222,0.05,0.960563,0.933333,0.333333,0.958333,0.25,0.971831,
304,Bust,0.906667,0,0.944444,0,0.957746,0.906667,0,0.944444,0,0.957746,0.906667,0,0.944444,0,0.957746,
305,Bust,0.965333,0.733333,0.975,0.55,0.988732,0.912,0.0666667,0.947222,0.05,0.960563,0.965333,0.733333,0.975,0.55,0.988732,
306,Bust,0.954667,0.6,0.969444,0.45,0.983099,0.906667,0,0.944444,0,0.957746,0.949333,0.533333,0.966667,0.4,0.980282,
307,Bust,0.933333,0.333333,0.958333,0.25,0.971831,0.922667,0.2,0.952778,0.15,0.966197,0.933333,0.333333,0.958333,0.25,0.971831,
308,Bust,0.928,0.266667,0.955556,0.2,0.969014,0.917333,0.133333,0.95,0.1,0.96338,0.928,0.266667,0.955556,0.2,0.969014,
309,Bust,0.96,0.666667,0.972222,0.5,0.985915,0.912,0.0666667,0.947222,0.05,0.960563,0.96,0.666667,0.972222,0.5,0.985915,
310,Bust,0.954667,0.6,0.969444,0.45,0.983099,0.906667,0,0.944444,0,0.957746,0.954667,0.6,0.969444,0.45,0.983099,
311,Bust,0.965333,0.733333,0.975,0.55,0.988732,0.906667,0,0.944444,0,0.957746,0.965333,0.733333,0.975,0.55,0.988732,
312,Bust,0.965333,0.733333,0.975,0.55,0.988732,0.906667,0,0.944444,0,0.957746,0.96,0.666667,0.972222,0.5,0.985915,
313,Bust,0.965333,0.733333,0.975,0.55,0.988732,0.912,0.0666667,0.947222,0.05,0.960563,0.96,0.666667,0.972222,0.5,0.985915,
314,Bust,0.917333,0.133333,0.95,0.1,0.96338,0.917333,0.133333,0.95,0.1,0.96338,0.928,0.266667,0.955556,0.2,0.969014,
315,Bust,0.965333,0.733333,0.975,0.55,0.988732,0.922667,0.2,0.952778,0.15,0.966197,0.96,0.666667,0.972222,0.5,0.985915,
316,Bust,0.96,0.666667,0.972222,0.5,0.985915,0.917333,0.133333,0.95,0.1,0.96338,0.96,0.666667,0.972222,0.5,0.985915,
317,Bust,0.965333,0.733333,0.975,0.55,0.988732,0.912,0.0666667,0.947222,0.05,0.960563,0.96,0.666667,0.972222,0.5,0.985915,
318,Bust,0.928,0.266667,0.955556,0.2,0.969014,0.906667,0,0.944444,0,0.957746,0.928,0.266667,0.955556,0.2,0.969014,
319,Bust,0.96,0.666667,0.972222,0.5,0.985915,0.906667,0,0.944444,0,0.957746,0.954667,0.6,0.969444,0.45,0.983099,
320,Bust,0.965333,0.733333,0.975,0.55,0.988732,0.917333,0.133333,0.95,0.1,0.96338,0.954667,0.6,0.969444,0.45,0.983099,
321,Mech,0.986667,1,0.986111,0.75,1,0.933333,0.333333,0.958333,0.25,0.971831,0.986667,1,0.986111,0.75,1,
322,Mech,0.986667,1,0.986111,0.75,1,0.944,0.466667,0.963889,0.35,0.977465,0.986667,1,0.986111,0.75,1,
323,Mech,0.986667,1,0.986111,0.75,1,0.922667,0.2,0.952778,0.15,0.966197,0.986667,1,0.986111,0.75,1,
324,Mech,0.922667,0.2,0.952778,0.15,0.966197,0.912,0.0666667,0.947222,0.05,0.960563,0.922667,0.2,0.952778,0.15,0.966197,
325,Mech,0.976,0.866667,0.980556,0.65,0.994366,0.922667,0.2,0.952778,0.15,0.966197,0.970667,0.8,0.977778,0.6,0.991549,
326,Mech,0.981333,0.933333,0.983333,0.7,0.997183,0.928,0.266667,0.955556,0.2,0.969014,0.981333,0.933333,0.983333,0.7,0.997183,
327,Mech,0.922667,0.2,0.952778,0.15,0.966197,0.917333,0.133333,0.95,0.1,0.96338,0.922667,0.2,0.952778,0.15,0.966197,
328,Mech,0.986667,1,0.986111,0.75,1,0.917333,0.133333,0.95,0.1,0.96338,0.986667,1,0.986111,0.75,1,
329,Mech,0.981333,0.933333,0.983333,0.7,0.997183,0.922667,0.2,0.952778,0.15,0.966197,0.986667,1,0.986111,0.75,1,
330,Mech,0.981333,0.933333,0.983333,0.7,0.997183,0.917333,0.133333,0.95,0.1,0.96338,0.981333,0.933333,0.983333,0.7,0.997183,
331,Mech,0.976,0.866667,0.980556,0.65,0.994366,0.933333,0.333333,0.958333,0.25,0.971831,0.976,0.866667,0.980556,0.65,0.994366,
332,Mech,0.976,0.866667,0.980556,0.65,0.994366,0.917333,0.133333,0.95,0.1,0.96338,0.970667,0.8,0.977778,0.6,0.991549,
333,Mech,0.976,0.866667,0.980556,0.65,0.994366,0.928,0.266667,0.955556,0.2,0.969014,0.976,0.866667,0.980556,0.65,0.994366,
334,Mech,0.986667,1,0.986111,0.75,1,0.906667,0,0.944444,0,0.957746,0.986667,1,0.986111,0.75,1,
335,Mech,0.986667,1,0.986111,0.75,1,0.912,0.0666667,0.947222,0.05,0.960563,0.986667,1,0.986111,0.75,1,
336,Mech,0.906667,0,0.944444,0,0.957746,0.906667,0,0.944444,0,0.957746,0.906667,0,0.944444,0,0.957746,
337,Mech,0.954667,0.6,0.969444,0.45,0.983099,0.906667,0,0.944444,0,0.957746,0.954667,0.6,0.969444,0.45,0.983099,
338,Mech,0.949333,0.533333,0.966667,0.4,0.980282,0.922667,0.2,0.952778,0.15,0.966197,0.949333,0.533333,0.966667,0.4,0.980282,
339,Mech,0.976,0.866667,0.980556,0.65,0.994366,0.917333,0.133333,0.95,0.1,0.96338,0.976,0.866667,0.980556,0.65,0.994366,
340,Mech,0.986667,1,0.986111,0.75,1,0.933333,0.333333,0.958333,0.25,0.971831,0.986667,1,0.986111,0.75,1,
341,Bearing,0.930667,0.266667,0.958333,0.210526,0.969101,0.914667,0.0666667,0.95,0.0526316,0.960674,0.936,0.333333,0.961111,0.263158,0.97191,
342,Bearing,0.925333,0.2,0.955556,0.157895,0.966292,0.914667,0.0666667,0.95,0.0526316,0.960674,0.936,0.333333,0.961111,0.263158,0.97191,
343,Bearing,0.936,0.333333,0.961111,0.263158,0.97191,0.925333,0.2,0.955556,0.157895,0.966292,0.936,0.333333,0.961111,0.263158,0.97191,
344,Bearing,0.925333,0.2,0.955556,0.157895,0.966292,0.92,0.133333,0.952778,0.105263,0.963483,0.925333,0.2,0.955556,0.157895,0.966292,
345,Bearing,0.925333,0.2,0.955556,0.157895,0.966292,0.92,0.133333,0.952778,0.105263,0.963483,0.925333,0.2,0.955556,0.157895,0.966292,
346,Bearing,0.925333,0.2,0.955556,0.157895,0.966292,0.909333,0,0.947222,0,0.957865,0.925333,0.2,0.955556,0.157895,0.966292,
347,Bearing,0.925333,0.2,0.955556,0.157895,0.966292,0.914667,0.0666667,0.95,0.0526316,0.960674,0.925333,0.2,0.955556,0.157895,0.966292,
348,Bearing,0.930667,0.266667,0.958333,0.210526,0.969101,0.914667,0.0666667,0.95,0.0526316,0.960674,0.925333,0.2,0.955556,0.157895,0.966292,
349,Bearing,0.92,0.133333,0.952778,0.105263,0.963483,0.914667,0.0666667,0.95,0.0526316,0.960674,0.92,0.133333,0.952778,0.105263,0.963483,
350,Bearing,0.930667,0.266667,0.958333,0.210526,0.969101,0.914667,0.0666667,0.95,0.0526316,0.960674,0.936,0.333333,0.961111,0.263158,0.97191,
351,Bearing,0.936,0.333333,0.961111,0.263158,0.97191,0.92,0.133333,0.952778,0.105263,0.963483,0.941333,0.4,0.963889,0.315789,0.974719,
352,Bearing,0.925333,0.2,0.955556,0.157895,0.966292,0.92,0.133333,0.952778,0.105263,0.963483,0.930667,0.266667,0.958333,0.210526,0.969101,
353,Bearing,0.92,0.133333,0.952778,0.105263,0.963483,0.92,0.133333,0.952778,0.105263,0.963483,0.936,0.333333,0.961111,0.263158,0.97191,
354,Bearing,0.925333,0.2,0.955556,0.157895,0.966292,0.925333,0.2,0.955556,0.157895,0.966292,0.930667,0.266667,0.958333,0.210526,0.969101,
355,Bearing,0.925333,0.2,0.955556,0.157895,0.966292,0.92,0.133333,0.952778,0.105263,0.963483,0.930667,0.266667,0.958333,0.210526,0.969101,
356,Bearing,0.925333,0.2,0.955556,0.157895,0.966292,0.914667,0.0666667,0.95,0.0526316,0.960674,0.930667,0.266667,0.958333,0.210526,0.969101,
358,Bearing,0.914667,0.0666667,0.95,0.0526316,0.960674,0.914667,0.0666667,0.95,0.0526316,0.960674,0.914667,0.0666667,0.95,0.0526316,0.960674,
359,Bearing,0.914667,0.0666667,0.95,0.0526316,0.960674,0.909333,0,0.947222,0,0.957865,0.914667,0.0666667,0.95,0.0526316,0.960674,
360,Bearing,0.925333,0.2,0.955556,0.157895,0.966292,0.925333,0.2,0.955556,0.157895,0.966292,0.930667,0.266667,0.958333,0.210526,0.969101,
361,Vase,0.928,0.266667,0.955556,0.2,0.969014,0.906667,0,0.944444,0,0.957746,0.922667,0.2,0.952778,0.15,0.966197,
362,Vase,0.906667,0,0.944444,0,0.957746,0.912,0.0666667,0.947222,0.05,0.960563,0.906667,0,0.944444,0,0.957746,
363,Vase,0.917333,0.133333,0.95,0.1,0.96338,0.912,0.0666667,0.947222,0.05,0.960563,0.917333,0.133333,0.95,0.1,0.96338,
364,Vase,0.933333,0.333333,0.958333,0.25,0.971831,0.906667,0,0.944444,0,0.957746,0.933333,0.333333,0.958333,0.25,0.971831,
365,Vase,0.917333,0.133333,0.95,0.1,0.96338,0.912,0.0666667,0.947222,0.05,0.960563,0.912,0.0666667,0.947222,0.05,0.960563,
366,Vase,0.928,0.266667,0.955556,0.2,0.969014,0.917333,0.133333,0.95,0.1,0.96338,0.933333,0.333333,0.958333,0.25,0.971831,
367,Vase,0.949333,0.533333,0.966667,0.4,0.980282,0.922667,0.2,0.952778,0.15,0.966197,0.944,0.466667,0.963889,0.35,0.977465,
368,Vase,0.944,0.466667,0.963889,0.35,0.977465,0.933333,0.333333,0.958333,0.25,0.971831,0.938667,0.4,0.961111,0.3,0.974648,
369,Vase,0.917333,0.133333,0.95,0.1,0.96338,0.922667,0.2,0.952778,0.15,0.966197,0.922667,0.2,0.952778,0.15,0.966197,
370,Vase,0.944,0.466667,0.963889,0.35,0.977465,0.928,0.266667,0.955556,0.2,0.969014,0.938667,0.4,0.961111,0.3,0.974648,
371,Vase,0.922667,0.2,0.952778,0.15,0.966197,0.928,0.266667,0.955556,0.2,0.969014,0.922667,0.2,0.952778,0.15,0.966197,
372,Vase,0.912,0.0666667,0.947222,0.05,0.960563,0.938667,0.4,0.961111,0.3,0.974648,0.917333,0.133333,0.95,0.1,0.96338,
373,Vase,0.938667,0.4,0.961111,0.3,0.974648,0.917333,0.133333,0.95,0.1,0.96338,0.938667,0.4,0.961111,0.3,0.974648,
374,Vase,0.928,0.266667,0.955556,0.2,0.969014,0.917333,0.133333,0.95,0.1,0.96338,0.922667,0.2,0.952778,0.15,0.966197,
375,Vase,0.917333,0.133333,0.95,0.1,0.96338,0.912,0.0666667,0.947222,0.05,0.960563,0.917333,0.133333,0.95,0.1,0.96338,
376,Vase,0.954667,0.6,0.969444,0.45,0.983099,0.922667,0.2,0.952778,0.15,0.966197,0.954667,0.6,0.969444,0.45,0.983099,
377,Vase,0.938667,0.4,0.961111,0.3,0.974648,0.912,0.0666667,0.947222,0.05,0.960563,0.938667,0.4,0.961111,0.3,0.974648,
378,Vase,0.912,0.0666667,0.947222,0.05,0.960563,0.928,0.266667,0.955556,0.2,0.969014,0.917333,0.133333,0.95,0.1,0.96338,
379,Vase,0.954667,0.6,0.969444,0.45,0.983099,0.928,0.266667,0.955556,0.2,0.969014,0.944,0.466667,0.963889,0.35,0.977465,
380,Vase,0.933333,0.333333,0.958333,0.25,0.971831,0.906667,0,0.944444,0,0.957746,0.928,0.266667,0.955556,0.2,0.969014,
381,Fourleg,0.922667,0.2,0.952778,0.15,0.966197,0.912,0.0666667,0.947222,0.05,0.960563,0.922667,0.2,0.952778,0.15,0.966197,
382,Fourleg,0.928,0.266667,0.955556,0.2,0.969014,0.912,0.0666667,0.947222,0.05,0.960563,0.922667,0.2,0.952778,0.15,0.966197,
383,Fourleg,0.922667,0.2,0.952778,0.15,0.966197,0.912,0.0666667,0.947222,0.05,0.960563,0.922667,0.2,0.952778,0.15,0.966197,
384,Fourleg,0.933333,0.333333,0.958333,0.25,0.971831,0.912,0.0666667,0.947222,0.05,0.960563,0.928,0.266667,0.955556,0.2,0.969014,
385,Fourleg,0.922667,0.2,0.952778,0.15,0.966197,0.917333,0.133333,0.95,0.1,0.96338,0.917333,0.133333,0.95,0.1,0.96338,
386,Fourleg,0.912,0.0666667,0.947222,0.05,0.960563,0.917333,0.133333,0.95,0.1,0.96338,0.917333,0.133333,0.95,0.1,0.96338,
387,Fourleg,0.922667,0.2,0.952778,0.15,0.966197,0.928,0.266667,0.955556,0.2,0.969014,0.928,0.266667,0.955556,0.2,0.969014,
388,Fourleg,0.922667,0.2,0.952778,0.15,0.966197,0.912,0.0666667,0.947222,0.05,0.960563,0.922667,0.2,0.952778,0.15,0.966197,
389,Fourleg,0.922667,0.2,0.952778,0.15,0.966197,0.912,0.0666667,0.947222,0.05,0.960563,0.922667,0.2,0.952778,0.15,0.966197,
390,Fourleg,0.906667,0,0.944444,0,0.957746,0.912,0.0666667,0.947222,0.05,0.960563,0.906667,0,0.944444,0,0.957746,
391,Fourleg,0.906667,0,0.944444,0,0.957746,0.917333,0.133333,0.95,0.1,0.96338,0.922667,0.2,0.952778,0.15,0.966197,
392,Fourleg,0.933333,0.333333,0.958333,0.25,0.971831,0.917333,0.133333,0.95,0.1,0.96338,0.922667,0.2,0.952778,0.15,0.966197,
393,Fourleg,0.906667,0,0.944444,0,0.957746,0.917333,0.133333,0.95,0.1,0.96338,0.906667,0,0.944444,0,0.957746,
394,Fourleg,0.917333,0.133333,0.95,0.1,0.96338,0.912,0.0666667,0.947222,0.05,0.960563,0.917333,0.133333,0.95,0.1,0.96338,
395,Fourleg,0.933333,0.333333,0.958333,0.25,0.971831,0.917333,0.133333,0.95,0.1,0.96338,0.938667,0.4,0.961111,0.3,0.974648,
396,Fourleg,0.922667,0.2,0.952778,0.15,0.966197,0.917333,0.133333,0.95,0.1,0.96338,0.928,0.266667,0.955556,0.2,0.969014,
397,Fourleg,0.944,0.466667,0.963889,0.35,0.977465,0.917333,0.133333,0.95,0.1,0.96338,0.938667,0.4,0.961111,0.3,0.974648,
398,Fourleg,0.922667,0.2,0.952778,0.15,0.966197,0.912,0.0666667,0.947222,0.05,0.960563,0.928,0.266667,0.955556,0.2,0.969014,
399,Fourleg,0.928,0.266667,0.955556,0.2,0.969014,0.917333,0.133333,0.95,0.1,0.96338,0.933333,0.333333,0.958333,0.25,0.971831,
400,Fourleg,0.928,0.266667,0.955556,0.2,0.969014,0.922667,0.2,0.952778,0.15,0.966197,0.928,0.266667,0.955556,0.2,0.969014,
