ап1.1,before vertices,before bb size,before bb position,before posture,after vertices,after bb size,after bb position,after posture,ап1.10
1.off: Human,4706,1.96002,0.0820978,0.999997,4706,1.09053,0.0429849,1, 
2.off: Human,10050,2.17111,0.0443807,0.997388,10050,1.15985,0.0258312,1, 
3.off: Human,5641,1.73685,0.206711,0.722736,5641,1.1575,0.130898,1, 
4.off: Human,5676,1.72815,0.226847,0.800765,5676,1.18711,0.145013,1, 
5.off: Human,15154,2.30416,0.0731986,0.789167,15154,1.19041,0.031257,1, 
6.off: Human,10098,1.86091,0.118259,0.999993,10098,1.0643,0.0669888,1, 
7.off: Human,8441,1.97651,0.0587543,0.999793,8441,1.06501,0.0315381,1, 
8.off: Human,11015,2.09256,0.0750906,0.820522,11015,1.14492,0.0423376,1, 
9.off: Human,2639,2.0684,0.0784128,0.833482,2639,1.13802,0.04375,1, 
10.off: Human,9508,2.19301,0.0397294,0.999495,9508,1.15763,0.0230904,1, 
11.off: Human,10999,2.52665,0.0572822,0.999994,10999,1.40276,0.0252886,1, 
12.off: Human,5614,2.52149,0.0576156,0.999996,5614,1.38699,0.0257977,1, 
13.off: Human,13703,2.24932,0.120022,0.764798,13703,1.15094,0.0185842,1, 
14.off: Human,5691,1.88927,0.32078,0.508851,5691,1.47927,0.177026,1, 
15.off: Human,5631,1.7473,0.174023,0.962629,5631,1.14777,0.126207,1, 
16.off: Human,15223,2.10971,0.129993,0.254634,15223,1.09526,0.0205778,1, 
17.off: Human,15910,2.14019,0.067302,0.829527,15910,1.19833,0.0567503,1, 
18.off: Human,15385,2.2189,0.109043,0.30739,15385,1.15542,0.0304115,1, 
19.off: Human,15477,2.27765,0.058875,0.781322,15477,1.16283,0.0165061,1, 
20.off: Human,15700,2.20611,0.0405796,0.791965,15700,1.16795,0.0186986,1, 
21.off: Cup,15198,2.33992,0.128917,0.994843,15198,1.4299,0.0866256,1, 
22.off: Cup,15002,2.59228,0.0815155,0.999153,15002,1.47909,0.048618,1, 
23.off: Cup,15037,2.50016,0.119772,0.999471,15037,1.41809,0.0690603,1, 
24.off: Cup,15246,2.63046,0.0625811,0.999813,15246,1.47914,0.034874,1, 
25.off: Cup,15087,2.3637,0.0325716,0.999755,15087,1.38559,0.0205209,1, 
26.off: Cup,15209,2.39166,0.137424,0.946755,15209,1.47423,0.0248986,1, 
27.off: Cup,15137,2.31326,0.112599,0.908609,15137,1.48989,0.0624079,1, 
28.off: Cup,15070,2.37146,0.120426,0.995578,15070,1.43616,0.0803004,1, 
29.off: Cup,15127,2.25471,0.155974,0.854758,15127,1.524,0.0175979,1, 
30.off: Cup,15006,2.11565,0.205057,0.994501,15006,1.46211,0.15213,1, 
31.off: Cup,15227,2.68442,0.141608,0.811789,15227,1.56875,0.0398145,1, 
32.off: Cup,14751,2.25472,0.122996,0.857621,14751,1.46427,0.0742236,1, 
33.off: Cup,7349,2.5203,0.116276,0.999901,7349,1.51836,0.0701335,1, 
34.off: Cup,9602,2.54592,0.0866092,0.999889,9602,1.58492,0.0314397,1, 
35.off: Cup,15136,2.0655,0.114188,0.999584,15136,1.34609,0.0743222,1, 
36.off: Cup,9076,2.53914,0.0895873,0.954682,9076,1.56353,0.0331252,1, 
37.off: Cup,6270,2.57038,0.138712,0.999252,6270,1.50005,0.0751951,1, 
38.off: Cup,15064,2.47662,0.0584249,0.992259,15064,1.45439,0.0312088,1, 
39.off: Cup,15161,2.3832,0.097886,0.822874,15161,1.50161,0.0748724,1, 
40.off: Cup,15165,2.35122,0.00222424,0.862129,15165,1.28795,0.0012044,1, 
41.off: Glass,7016,1.52638,0.324836,0.999959,7016,1.40509,0.298214,1, 
42.off: Glass,4164,1.57411,0.357024,0.995633,4164,1.26485,0.28238,1, 
43.off: Glass,3414,1.57687,0.316755,0.98927,3414,1.24761,0.265711,1, 
44.off: Glass,6288,1.64087,0.315847,0.999532,6288,1.35147,0.258855,1, 
45.off: Glass,5399,1.67806,0.353711,0.999986,5399,1.35962,0.286857,1, 
46.off: Glass,2394,1.93222,0.198005,0.981235,2394,1.04027,0.0390568,1, 
47.off: Glass,2028,2.00945,0.028947,0.999762,2028,1.01205,0.00955599,1, 
48.off: Glass,5176,1.68281,0.321821,0.997319,5176,1.26714,0.240303,1, 
49.off: Glass,3110,1.8608,0.171374,0.999541,3110,1.1029,0.0973483,1, 
50.off: Glass,7420,1.55055,0.314139,0.999991,7420,1.41372,0.284647,1, 
51.off: Glass,2858,1.77908,0.234927,0.999913,2858,1.14613,0.146605,1, 
52.off: Glass,3586,1.95227,0.136191,0.998851,3586,1.03497,0.0602172,1, 
53.off: Glass,2496,1.90522,0.225696,0.98347,2496,1.06086,0.06415,1, 
54.off: Glass,7407,1.54962,0.314195,0.999934,7407,1.40953,0.283915,1, 
55.off: Glass,2850,1.74497,0.247474,0.999972,2850,1.15268,0.160664,1, 
56.off: Glass,8771,1.86673,0.351821,0.999691,8771,1.44432,0.259174,1, 
57.off: Glass,7413,1.54897,0.314137,0.999994,7413,1.41252,0.284963,1, 
58.off: Glass,1857,1.9725,0.0592118,0.999792,1857,1.01683,0.014788,1, 
59.off: Glass,2895,1.91244,0.150259,0.999777,2895,1.0832,0.0795138,1, 
60.off: Glass,2375,1.92,0.207743,0.980468,2375,1.04793,0.0502663,1, 
61.off: Airplane,5400,2.26494,0.0791059,0.99595,5400,1.15427,0.0383419,1, 
62.off: Airplane,5619,2.55369,0.0768722,0.999998,5619,1.30988,0.0144451,1, 
63.off: Airplane,5519,2.65015,0.0770132,1,5519,1.33156,0.0125787,1, 
64.off: Airplane,6797,2.44877,0.127779,0.999999,6797,1.31877,0.0537635,1, 
65.off: Airplane,6448,2.44426,0.156055,0.999692,6448,1.41633,0.0898041,1, 
66.off: Airplane,7739,2.26184,0.16577,0.999219,7739,1.33895,0.0941611,1, 
67.off: Airplane,7651,2.44643,0.170701,0.999013,7651,1.37568,0.0848062,1, 
68.off: Airplane,5583,2.29889,0.177247,0.991529,5583,1.3003,0.0959488,1, 
69.off: Airplane,6701,2.40108,0.120629,0.996244,6701,1.26054,0.0557929,1, 
70.off: Airplane,5631,2.35099,0.0512316,0.998933,5631,1.18632,0.0359404,1, 
71.off: Airplane,5849,2.5881,0.100383,0.996358,5849,1.30441,0.0397452,1, 
72.off: Airplane,5228,2.48117,0.122889,0.998861,5228,1.2521,0.0559711,1, 
73.off: Airplane,5109,2.54574,0.128852,0.99832,5109,1.30012,0.0601852,1, 
74.off: Airplane,5044,2.4179,0.105803,0.996764,5044,1.23423,0.0463549,1, 
75.off: Airplane,8679,2.43683,0.125722,0.998885,8679,1.39992,0.0738174,1, 
76.off: Airplane,5923,2.39687,0.129999,0.997719,5923,1.30486,0.0553186,1, 
77.off: Airplane,6587,2.53966,0.15507,0.999998,6587,1.41668,0.0730461,1, 
78.off: Airplane,7470,2.6386,0.199857,0.994346,7470,1.4167,0.084429,1, 
79.off: Airplane,6689,2.57285,0.211459,0.874516,6689,1.37986,0.100357,1, 
80.off: Airplane,7351,2.5265,0.210343,0.920173,7351,1.37853,0.0849103,1, 
81.off: Ant,6370,2.16059,0.142647,0.957546,6370,1.21063,0.0647029,1, 
82.off: Ant,8299,2.31265,0.117652,0.999633,8299,1.26469,0.0916402,1, 
83.off: Ant,6376,2.25503,0.0627744,0.998957,6376,1.20369,0.0548207,1, 
84.off: Ant,6850,2.17098,0.0542267,0.998917,6850,1.26006,0.0858489,1, 
85.off: Ant,8388,2.15102,0.146208,0.964357,8388,1.24914,0.0609451,1, 
86.off: Ant,7038,2.10811,0.0645799,0.995436,7038,1.162,0.0582293,1, 
87.off: Ant,7470,2.37085,0.136971,0.986478,7470,1.32559,0.0703163,1, 
88.off: Ant,8210,2.57718,0.148502,0.992386,8210,1.41586,0.068175,1, 
89.off: Ant,7654,2.17529,0.115146,0.999321,7654,1.19535,0.035942,1, 
90.off: Ant,7877,2.28614,0.0592265,0.999649,7877,1.26611,0.0426428,1, 
91.off: Ant,8640,2.30395,0.0957149,0.998928,8640,1.30235,0.0595909,1, 
92.off: Ant,5867,2.21207,0.0555369,0.999205,5867,1.16476,0.0384155,1, 
93.off: Ant,8216,2.5035,0.138274,0.999986,8216,1.34127,0.0405154,1, 
94.off: Ant,7236,2.36418,0.076789,0.877313,7236,1.36456,0.0493664,1, 
95.off: Ant,7355,2.18812,0.102165,0.975878,7355,1.23137,0.0484246,1, 
96.off: Ant,8504,2.3089,0.140656,0.816438,8504,1.31178,0.0652965,1, 
97.off: Ant,8167,2.04909,0.0467334,0.994884,8167,1.21809,0.0227677,1, 
98.off: Ant,6154,2.2264,0.0369511,0.992478,6154,1.16714,0.0639559,1, 
99.off: Ant,6881,2.29047,0.121945,0.99907,6881,1.29186,0.0513477,1, 
100.off: Ant,8064,2.13232,0.0289762,0.994424,8064,1.23116,0.028476,1, 
101.off: Chair,8499,1.9862,0.0932465,0.452945,8499,1.21288,0.07268,1, 
102.off: Chair,15724,2.33566,0.0607569,0.85684,15724,1.2996,0.0767775,1, 
103.off: Chair,9652,2.05184,0.0734961,0.452447,9652,1.25855,0.0577997,1, 
104.off: Chair,8653,1.95683,0.0636698,0.993679,8653,1.19482,0.0389479,1, 
105.off: Chair,9261,1.90104,0.088351,0.990335,9261,1.20343,0.0490342,1, 
106.off: Chair,14052,2.09353,0.122417,0.688682,14052,1.38773,0.117767,1, 
107.off: Chair,11421,2.35256,0.0803873,0.671353,11421,1.24246,0.0161171,1, 
108.off: Chair,10500,2.36649,0.0675727,0.758325,10500,1.24257,0.0150906,1, 
109.off: Chair,10301,1.85253,0.0984019,0.999984,10301,1.32351,0.148931,1, 
110.off: Chair,8456,1.91859,0.0777958,0.999621,8456,1.1668,0.0529207,1, 
111.off: Chair,8050,1.95004,0.0624141,0.99959,8050,1.16671,0.0465427,1, 
112.off: Chair,13628,1.90967,0.083524,0.999985,13628,1.31556,0.123397,1, 
113.off: Chair,10748,1.92329,0.131603,0.881336,10748,1.277,0.101356,1, 
114.off: Chair,5794,1.70021,0.16336,0.999915,5794,1.2203,0.127629,1, 
115.off: Chair,10043,1.95717,0.115555,0.894135,10043,1.27395,0.0910844,1, 
116.off: Chair,13463,2.17601,0.0880726,0.999847,13463,1.29083,0.04645,1, 
117.off: Chair,14372,2.09181,0.0914553,0.999956,14372,1.28927,0.0414576,1, 
118.off: Chair,9153,1.97774,0.077223,0.441305,9153,1.21337,0.0664194,1, 
119.off: Chair,12326,2.06501,0.104209,0.994568,12326,1.31738,0.0618249,1, 
120.off: Chair,10121,2.0105,0.0964028,0.999916,10121,1.18396,0.0371582,1, 
121.off: Octopus,5944,2.52558,0.133497,0.972149,5944,1.2388,0.0656977,1, 
122.off: Octopus,7251,2.47637,0.0996495,0.998852,7251,1.34996,0.0544426,1, 
123.off: Octopus,15493,2.17682,0.0826935,0.936157,15493,1.59846,0.0904446,1, 
124.off: Octopus,3101,2.40443,0.117365,0.91932,3101,1.31598,0.0666074,1, 
125.off: Octopus,5556,1.67636,0.192998,0.879949,5556,1.55059,0.133646,1, 
126.off: Octopus,6325,2.5649,0.11248,0.980057,6325,1.41942,0.0201885,1, 
127.off: Octopus,11906,2.43941,0.0311257,0.782484,11906,1.48566,0.0997465,1, 
128.off: Octopus,6164,2.2367,0.0624929,0.939145,6164,1.27911,0.0647491,1, 
129.off: Octopus,6144,2.54187,0.108672,0.925841,6144,1.39013,0.0339717,1, 
130.off: Octopus,7747,2.35893,0.111141,0.92333,7747,1.44871,0.0370932,1, 
131.off: Octopus,11051,2.34602,0.100091,0.980151,11051,1.60655,0.0460043,1, 
132.off: Octopus,7812,2.072,0.0141959,0.988294,7812,1.07723,0.00783414,1, 
133.off: Octopus,10466,2.28538,0.192502,0.894886,10466,1.3826,0.0736287,1, 
134.off: Octopus,10932,2.37842,0.0454522,0.988321,10932,1.39755,0.0159721,1, 
135.off: Octopus,15201,2.20484,0.0479994,0.993336,15201,1.52715,0.0288695,1, 
136.off: Octopus,14126,2.17141,0.0350349,0.746293,14126,1.40046,0.0361812,1, 
137.off: Octopus,9124,2.00636,0.0955711,0.895032,9124,1.50046,0.143592,1, 
138.off: Octopus,9594,2.20712,0.171258,0.999063,9594,1.40884,0.0630574,1, 
139.off: Octopus,8017,2.16086,0.0353713,0.906482,8017,1.39518,0.072751,1, 
140.off: Octopus,9200,2.41151,0.126247,0.823992,9200,1.43865,0.0197479,1, 
141.off: Table,13926,2.18018,0.303073,0.999998,13926,1.30958,0.175205,1, 
142.off: Table,9802,2.24453,0.112101,1,9802,1.13222,0.0564521,1, 
143.off: Table,9270,2.24342,0.121737,1,9270,1.13221,0.0611998,1, 
144.off: Table,15082,2.59395,0.175835,0.999989,15082,1.30882,0.0885126,1, 
145.off: Table,13206,2.04665,0.299789,0.997692,13206,1.61148,0.232987,1, 
146.off: Table,13714,2.25532,0.264434,0.981166,13714,1.56951,0.182672,1, 
147.off: Table,13705,2.40517,0.244978,0.999951,13705,1.4856,0.149879,1, 
148.off: Table,13375,2.84807,0.183556,0.813894,13375,1.44601,0.0919788,1, 
149.off: Table,13588,2.84411,0.217019,0.996579,13588,1.44599,0.109324,1, 
150.off: Table,13579,1.74007,0.363042,0.999934,13579,1.52325,0.313801,1, 
151.off: Table,12696,1.98366,0.19721,0.999908,12696,1.48052,0.145732,1, 
152.off: Table,10543,1.90508,0.254829,0.999325,10543,1.16193,0.154291,1, 
153.off: Table,13581,2.07293,0.208429,0.999995,13581,1.29315,0.128931,1, 
154.off: Table,13929,2.40184,0.181711,0.973849,13929,1.47564,0.130558,1, 
155.off: Table,14384,2.55777,0.314525,0.99989,14384,1.34084,0.162471,1, 
156.off: Table,10100,2.30854,0.266684,0.841774,10100,1.21265,0.173169,1, 
157.off: Table,13883,2.85656,0.273144,0.992537,13883,1.47003,0.138835,1, 
158.off: Table,14587,2.11463,0.315922,0.550916,14587,1.62095,0.269662,1, 
159.off: Table,13930,2.11393,0.233983,0.999825,13930,1.41047,0.153091,1, 
160.off: Table,10082,1.94938,0.295419,0.999139,10082,1.28198,0.188133,1, 
161.off: Teddy,13826,2.24623,0.107457,0.999436,13826,1.34409,0.0678695,1, 
162.off: Teddy,10096,2.33205,0.147119,0.898646,10096,1.23014,0.0395393,1, 
163.off: Teddy,10879,2.37484,0.0870176,0.975881,10879,1.25294,0.0196987,1, 
164.off: Teddy,14509,2.2649,0.151071,0.995268,14509,1.32994,0.0652261,1, 
165.off: Teddy,10233,2.28497,0.0739726,0.915683,10233,1.21162,0.0248237,1, 
166.off: Teddy,11090,2.3976,0.0943007,0.965509,11090,1.29479,0.0483813,1, 
167.off: Teddy,12647,2.30969,0.129104,0.996812,12647,1.33343,0.0735438,1, 
168.off: Teddy,10752,2.2995,0.0658472,0.994027,10752,1.25649,0.038222,1, 
169.off: Teddy,12561,2.48031,0.0209673,0.999737,12561,1.36545,0.0111211,1, 
170.off: Teddy,12500,2.38077,0.0184987,0.998698,12500,1.36706,0.0138493,1, 
171.off: Teddy,14905,2.26559,0.0463138,0.99909,14905,1.24458,0.005391,1, 
172.off: Teddy,10141,2.38243,0.0875993,0.885489,10141,1.20064,0.0273983,1, 
173.off: Teddy,13867,2.04454,0.15549,0.995889,13867,1.23829,0.0636277,1, 
174.off: Teddy,12831,2.30491,0.0605208,0.999471,12831,1.31704,0.0287667,1, 
175.off: Teddy,9480,2.39225,0.0173691,0.976744,9480,1.22192,0.0205161,1, 
176.off: Teddy,12500,2.35887,0.144643,0.993269,12500,1.42418,0.0729271,1, 
177.off: Teddy,12543,2.26282,0.130428,0.9993,12543,1.30771,0.045238,1, 
178.off: Teddy,12175,2.17378,0.164034,0.983721,12175,1.29963,0.0614109,1, 
179.off: Teddy,13324,2.30891,0.153953,0.991067,13324,1.3471,0.0732005,1, 
180.off: Teddy,9548,2.25543,0.054391,0.999464,9548,1.24333,0.0299145,1, 
181.off: Hand,7242,2.24153,0.126065,0.948787,7242,1.1517,0.0602567,1, 
182.off: Hand,10283,2.30577,0.0554323,0.84784,10283,1.19626,0.0433847,1, 
183.off: Hand,11413,2.58181,0.169791,0.956609,11413,1.3584,0.07588,1, 
184.off: Hand,4685,2.08315,0.133128,0.903343,4685,1.18644,0.0668578,1, 
185.off: Hand,2489,1.97074,0.168802,0.962246,2489,1.18239,0.108589,1, 
186.off: Hand,6607,2.19478,0.122373,0.98111,6607,1.19737,0.0670663,1, 
187.off: Hand,7628,2.25011,0.123617,0.948617,7628,1.15278,0.0580327,1, 
188.off: Hand,8603,2.42943,0.181744,0.945591,8603,1.35275,0.127564,1, 
189.off: Hand,14084,2.24633,0.193128,0.798228,14084,1.51546,0.153579,1, 
190.off: Hand,7500,2.05097,0.23713,0.966731,7500,1.25837,0.114494,1, 
191.off: Hand,13766,2.46989,0.167352,0.782938,13766,1.30089,0.0372608,1, 
192.off: Hand,6991,2.22283,0.103067,0.878344,6991,1.2242,0.0599705,1, 
193.off: Hand,7314,1.87474,0.187723,0.993984,7314,1.17155,0.112861,1, 
194.off: Hand,8471,2.03532,0.129362,0.86044,8471,1.16822,0.0974173,1, 
195.off: Hand,8524,1.98557,0.144828,0.958259,8524,1.13347,0.0707505,1, 
196.off: Hand,7112,2.09992,0.228361,0.894699,7112,1.28657,0.134339,1, 
197.off: Hand,7553,1.96859,0.221303,0.943747,7553,1.18803,0.113413,1, 
198.off: Hand,9564,2.1275,0.0978753,0.995952,9564,1.09015,0.0423909,1, 
199.off: Hand,8647,2.16934,0.0588799,0.993928,8647,1.13309,0.0147436,1, 
200.off: Hand,5857,2.26779,0.0984892,0.920568,5857,1.26706,0.0548119,1, 
201.off: Plier,4487,2.19484,0.0952957,0.955555,4487,1.15359,0.0556256,1, 
202.off: Plier,4491,2.1967,0.107708,0.966096,4491,1.18047,0.0589165,1, 
203.off: Plier,3906,2.18733,0.122603,0.974964,3906,1.21711,0.0620601,1, 
204.off: Plier,4407,2.22259,0.100372,0.961252,4407,1.15429,0.0280672,1, 
205.off: Plier,4478,2.27391,0.0444776,0.981846,4478,1.14409,0.0175945,1, 
206.off: Plier,4794,2.21263,0.125714,0.994605,4794,1.24259,0.0482998,1, 
207.off: Plier,5202,2.24433,0.0907883,0.999961,5202,1.27818,0.0536172,1, 
208.off: Plier,6104,2.20676,0.0753192,0.989569,6104,1.34718,0.06055,1, 
209.off: Plier,5110,2.19632,0.0856027,0.998487,5110,1.33299,0.0514364,1, 
210.off: Plier,5508,2.2079,0.0885306,0.987528,5508,1.25928,0.0406674,1, 
211.off: Plier,4284,2.22925,0.106625,0.973981,4284,1.19829,0.0347816,1, 
212.off: Plier,4298,2.2544,0.0986088,0.919003,4298,1.10021,0.0217478,1, 
213.off: Plier,3963,2.11269,0.0679265,0.479268,3963,1.03676,0.00585754,1, 
214.off: Plier,3804,2.16884,0.0612106,0.401273,3804,1.05178,0.00888123,1, 
215.off: Plier,4463,2.22619,0.0519485,0.939601,4463,1.07027,0.0105538,1, 
216.off: Plier,4478,2.238,0.0538163,0.956517,4478,1.08689,0.0136469,1, 
217.off: Plier,5201,2.18197,0.0486253,0.994299,5201,1.18976,0.0172522,1, 
218.off: Plier,6198,2.05669,0.055818,0.999851,6198,1.26515,0.0331237,1, 
219.off: Plier,3942,2.2025,0.180802,0.949237,3942,1.38408,0.0973532,1, 
220.off: Plier,4457,2.15801,0.144161,0.952268,4457,1.29918,0.0500865,1, 
221.off: Fish,7121,2.16041,0.0630233,0.994835,7121,1.19237,0.0517687,1, 
222.off: Fish,5255,2.0088,0.103774,0.999972,5255,1.1076,0.0582426,1, 
223.off: Fish,6656,2.10729,0.0962091,0.973286,6656,1.19214,0.0557221,1, 
224.off: Fish,5061,1.99149,0.117665,0.978485,5061,1.09352,0.0449081,1, 
225.off: Fish,6076,2.08788,0.114662,0.968251,6076,1.17203,0.0558147,1, 
226.off: Fish,5216,2.02321,0.0720585,0.993208,5216,1.09328,0.0311871,1, 
227.off: Fish,5216,2.02321,0.0720585,0.993208,5216,1.09328,0.0311871,1, 
228.off: Fish,5592,2.02773,0.0756561,0.99959,5592,1.1338,0.0420785,1, 
229.off: Fish,5245,2.07076,0.0950849,0.999986,5245,1.107,0.0501618,1, 
230.off: Fish,7573,2.18373,0.0687071,0.99413,7573,1.20024,0.0533046,1, 
231.off: Fish,6264,2.05303,0.117459,0.976962,6264,1.14661,0.0479641,1, 
232.off: Fish,5440,1.97554,0.0684826,0.971569,5440,1.08555,0.0326744,1, 
233.off: Fish,10186,2.17749,0.148442,0.953282,10186,1.30702,0.085459,1, 
234.off: Fish,7498,2.18078,0.0912838,0.970627,7498,1.21198,0.0462875,1, 
235.off: Fish,5250,2.0306,0.123951,0.965237,5250,1.11172,0.0349428,1, 
236.off: Fish,4845,1.99221,0.0982874,0.960454,4845,1.09796,0.0490669,1, 
237.off: Fish,4439,1.94502,0.0802597,0.97799,4439,1.06453,0.0427679,1, 
238.off: Fish,5096,1.95996,0.077565,0.969806,5096,1.08944,0.043839,1, 
239.off: Fish,5121,2.0236,0.0716978,0.980272,5121,1.0838,0.0382216,1, 
240.off: Fish,6833,2.02434,0.134071,0.961186,6833,1.15494,0.0582794,1, 
241.off: Bird,3478,2.44256,0.130862,0.999321,3478,1.22798,0.0664968,1, 
242.off: Bird,7849,2.37396,0.028903,0.999999,7849,1.28376,0.0619497,1, 
243.off: Bird,3158,2.133,0.00542232,1,3158,1.07081,0.0266125,1, 
244.off: Bird,4501,2.19039,0.0990452,1,4501,1.11305,0.0519196,1, 
245.off: Bird,6475,2.33891,0.0423289,0.999999,6475,1.27209,0.0686535,1, 
246.off: Bird,4219,2.12551,0.0821955,0.999999,4219,1.07565,0.0509138,1, 
247.off: Bird,5519,2.22934,0.092,0.998257,5519,1.17797,0.0846765,1, 
248.off: Bird,11790,2.25363,0.144016,0.879615,11790,1.54315,0.208589,1, 
249.off: Bird,3714,2.22179,0.126101,0.999644,3714,1.12752,0.0494458,1, 
250.off: Bird,4280,2.35265,0.0849116,0.999679,4280,1.22868,0.0450452,1, 
251.off: Bird,3158,2.133,0.00542232,1,3158,1.07081,0.0266125,1, 
252.off: Bird,6351,2.17841,0.132673,0.999547,6351,1.25927,0.0702915,1, 
253.off: Bird,6164,2.4762,0.126391,0.999723,6164,1.35288,0.0529372,1, 
254.off: Bird,3638,2.22033,0.0662381,0.998656,3638,1.11268,0.0354561,1, 
255.off: Bird,5054,2.27629,0.0442005,0.999997,5054,1.1727,0.0244669,1, 
256.off: Bird,5970,2.58677,0.117365,0.986133,5970,1.34793,0.0638723,1, 
257.off: Bird,2135,2.15639,0.107396,0.999416,2135,1.12599,0.0566575,1, 
258.off: Bird,8946,2.34713,0.0616379,0.850935,8946,1.42521,0.087436,1, 
259.off: Bird,9015,2.49917,0.0733185,0.999774,9015,1.41001,0.0463445,1, 
260.off: Bird,2497,1.9653,0.10568,0.706739,2497,1.50198,0.176898,1, 
281.off: Armadillo,25273,2.14489,0.125816,0.844803,25273,1.41782,0.0736778,1, 
282.off: Armadillo,24473,2.07436,0.086179,0.782581,24473,1.25938,0.0599476,1, 
283.off: Armadillo,24484,2.27816,0.0334021,0.984255,24484,1.14953,0.0329375,1, 
284.off: Armadillo,25494,2.31612,0.124381,0.805715,25494,1.38977,0.131125,1, 
285.off: Armadillo,25193,2.349,0.125544,0.862388,25193,1.32617,0.07358,1, 
286.off: Armadillo,25108,2.2961,0.112911,0.965302,25108,1.55561,0.115768,1, 
287.off: Armadillo,25491,2.45531,0.100541,0.99984,25491,1.40285,0.034188,1, 
288.off: Armadillo,20000,2.49982,0.106901,0.483342,20000,1.57629,0.0500068,1, 
289.off: Armadillo,25211,2.76726,0.210804,0.509142,25211,1.50525,0.0298203,1, 
290.off: Armadillo,25431,2.17158,0.14734,0.74558,25431,1.29125,0.0290416,1, 
291.off: Armadillo,24615,2.29264,0.0421803,0.843565,24615,1.19504,0.0408294,1, 
292.off: Armadillo,21774,2.18081,0.113223,0.523673,21774,1.4293,0.0629413,1, 
293.off: Armadillo,15000,2.08318,0.0798996,0.738938,15000,1.25158,0.0643578,1, 
294.off: Armadillo,16501,2.17943,0.039439,0.99649,16501,1.12366,0.0216704,1, 
295.off: Armadillo,16780,2.12604,0.197569,0.99875,16780,1.34255,0.120409,1, 
296.off: Armadillo,15832,2.22491,0.0733144,0.816091,15832,1.2829,0.063229,1, 
297.off: Armadillo,15315,2.21186,0.162547,0.626476,15315,1.38491,0.0470158,1, 
298.off: Armadillo,15000,2.42877,0.0857863,0.99993,15000,1.40364,0.0331982,1, 
299.off: Armadillo,17117,2.51847,0.10281,0.418165,17117,1.56878,0.0625638,1, 
300.off: Armadillo,17453,2.70915,0.211607,0.492672,17453,1.50151,0.0702938,1, 
301.off: Bust,9252,2.28154,0.0178555,0.925642,9252,1.22159,0.0142081,1, 
302.off: Bust,25125,2.45386,0.107564,0.999992,25125,1.38221,0.059102,1, 
303.off: Bust,15516,2.02873,0.167525,0.919771,15516,1.31935,0.132625,1, 
304.off: Bust,25467,2.32572,0.0201032,0.999996,25467,1.20173,0.0101845,1, 
305.off: Bust,27824,2.65539,0.0741634,0.896613,27824,1.4508,0.043536,1, 
306.off: Bust,26798,2.32454,0.171502,0.917507,26798,1.3723,0.0962834,1, 
307.off: Bust,27439,2.994,0.0242104,0.445633,27439,1.49542,0.0476305,1, 
308.off: Bust,23976,2.94753,0.0947183,0.754806,23976,1.50852,0.0465068,1, 
309.off: Bust,5197,2.14554,0.170508,0.804761,5197,1.42433,0.0765168,1, 
310.off: Bust,8263,2.90737,0.0787642,0.705506,8263,1.52367,0.0295101,1, 
311.off: Bust,25230,2.45232,0.107785,0.974769,25230,1.32721,0.0638386,1, 
312.off: Bust,26985,2.49634,0.116104,0.973715,26985,1.47367,0.0934791,1, 
313.off: Bust,10852,2.52896,0.0843119,0.731871,10852,1.38473,0.0215406,1, 
314.off: Bust,26437,2.29748,0.207145,0.999875,26437,1.45541,0.130992,1, 
315.off: Bust,25768,2.39019,0.0852221,0.839394,25768,1.34895,0.118469,1, 
316.off: Bust,23395,2.44016,0.128149,0.903395,23395,1.3425,0.0831835,1, 
317.off: Bust,27726,2.48704,0.101318,0.999665,27726,1.37051,0.0523296,1, 
318.off: Bust,25145,2.30529,0.038328,0.832095,25145,1.27707,0.0650348,1, 
319.off: Bust,26558,2.52412,0.0428421,0.989055,26558,1.29115,0.0107417,1, 
320.off: Bust,27118,2.79098,0.098814,0.973239,27118,1.54673,0.0853652,1, 
321.off: Mech,14995,2.10733,0.0836545,0.982974,14995,1.57539,0.0543891,1, 
322.off: Mech,14991,2.1083,0.0812656,0.974371,14991,1.60521,0.0557016,1, 
323.off: Mech,14991,2.10658,0.0824153,0.897903,14991,1.72096,0.0560869,1, 
324.off: Mech,14812,2.34454,0.0414797,0.689302,14812,1.5988,0.0196414,1, 
325.off: Mech,14999,2.41044,0.0708203,0.927385,14999,1.57731,0.0860472,1, 
326.off: Mech,14995,2.34128,0.0471405,0.99977,14995,1.56116,0.0833042,1, 
327.off: Mech,14937,2.27774,0.0573438,0.910503,14937,1.5127,0.0413188,1, 
328.off: Mech,14994,2.13343,0.102351,0.996573,14994,1.5088,0.0687464,1, 
329.off: Mech,14999,2.12174,0.0968018,0.947653,14999,1.65895,0.0630721,1, 
330.off: Mech,15000,2.12044,0.0923395,0.859425,15000,1.72354,0.0617204,1, 
331.off: Mech,15000,2.15585,0.13883,0.910825,15000,1.5954,0.0861577,1, 
332.off: Mech,14997,2.15908,0.121544,0.940958,14997,1.56339,0.0745942,1, 
333.off: Mech,14942,2.13066,0.134982,0.99788,14942,1.38721,0.0830446,1, 
334.off: Mech,14997,2.0792,0.0368615,0.999468,14997,1.56872,0.0270735,1, 
335.off: Mech,14995,2.10804,0.0836588,0.982973,14995,1.57539,0.0543891,1, 
336.off: Mech,15505,1.8843,0.259093,0.753194,15505,1.49371,0.157932,1, 
337.off: Mech,11533,2.705,0.0573155,0.997526,11533,1.52966,0.0305891,1, 
338.off: Mech,19403,2.22508,0.157037,0.948509,19403,1.62671,0.0310724,1, 
339.off: Mech,15000,2.15548,0.138837,0.910825,15000,1.5954,0.0861576,1, 
340.off: Mech,14997,2.07842,0.0368783,0.999468,14997,1.56872,0.0270733,1, 
341.off: Bearing,5566,1.69564,0.230373,0.969131,5566,1.09012,0.00526443,1, 
342.off: Bearing,5566,2.10037,0.0100602,0.969593,5566,1.09013,0.00526439,1, 
343.off: Bearing,5566,2.02328,0.0812823,0.993415,5566,1.08999,0.0473512,1, 
344.off: Bearing,3182,1.43178,0.212552,0.961076,3182,1.16856,0.0799603,1, 
345.off: Bearing,3614,1.4329,0.208598,0.817857,3614,1.17116,0.102966,1, 
346.off: Bearing,3587,1.4338,0.20785,0.713351,3587,1.17373,0.108439,1, 
347.off: Bearing,2623,2.06241,0.0293555,0.990346,2623,1.13059,0.0621925,1, 
348.off: Bearing,2568,1.03148,0.793678,0.767758,2568,1.02333,0.121659,1, 
349.off: Bearing,2568,1.79565,0.120289,0.967323,2568,1.02375,0.0477423,1, 
350.off: Bearing,8759,1.89804,0.0704168,0.770846,8759,1.02319,0.037946,1, 
351.off: Bearing,5192,1.98507,0.0702936,0.999775,5192,1.07801,0.0380794,1, 
352.off: Bearing,10400,1.75699,0.178332,0.999841,10400,1.07807,0.10941,1, 
353.off: Bearing,4818,1.97035,0.0751665,1,4818,1.04263,0.0279348,1, 
354.off: Bearing,2910,1.31248,0.386328,0.973853,2910,1.07731,0.127039,1, 
355.off: Bearing,14994,2.0199,0.00130183,0.995141,14994,1.01545,0.000304713,1, 
356.off: Bearing,14992,2.02003,0.0012714,0.995765,14992,1.01547,0.000279275,1, 
357.off: Bearing,14872,1.99211,0.00405326,1,14872,1.01144,0.00205302,1, 
358.off: Bearing,14127,1.83115,0.37643,0.880891,14127,1.46962,0.301692,1, 
359.off: Bearing,14956,1.83692,0.374436,0.992075,14956,1.46298,0.298083,1, 
360.off: Bearing,2200,0.198893,0.90411,0.997705,2200,1.03821,0.00350764,1, 
361.off: Vase,14859,2.42585,0.0302536,0.980125,14859,1.23184,0.0186696,1, 
362.off: Vase,14476,1.93849,0.174239,0.982421,14476,1.23488,0.106029,1, 
363.off: Vase,13434,1.85743,0.17338,0.788175,13434,1.1256,0.103582,1, 
364.off: Vase,13548,2.32704,0.0359711,0.999842,13548,1.40624,0.0235148,1, 
365.off: Vase,13514,2.75018,0.0487295,0.981979,13514,1.58209,0.049329,1, 
366.off: Vase,10637,2.26393,0.0630425,0.772887,10637,1.24214,0.0339736,1, 
367.off: Vase,3900,2.39199,0.0635562,0.999756,3900,1.29239,0.0346938,1, 
368.off: Vase,11202,2.11116,0.119302,0.960936,11202,1.37666,0.0885585,1, 
369.off: Vase,13606,2.38092,0.0817587,0.94704,13606,1.34864,0.036682,1, 
370.off: Vase,13920,2.41153,0.0757501,0.853778,13920,1.31956,0.0405248,1, 
371.off: Vase,14599,2.36463,0.12212,0.967791,14599,1.36852,0.0691292,1, 
372.off: Vase,6684,2.04028,0.108307,0.970917,6684,1.48639,0.0999443,1, 
373.off: Vase,10556,2.20359,0.0573295,0.997902,10556,1.16569,0.0305616,1, 
374.off: Vase,14872,2.15415,0.0216683,0.716446,14872,1.11726,0.0161353,1, 
375.off: Vase,11762,2.28604,0.0562669,0.968759,11762,1.21188,0.0343629,1, 
376.off: Vase,12568,2.64632,0.0907525,0.999129,12568,1.32767,0.045013,1, 
377.off: Vase,15169,2.07263,0.168202,0.999396,15169,1.24635,0.101292,1, 
378.off: Vase,6684,2.02935,0.116708,0.971042,6684,1.4804,0.100779,1, 
379.off: Vase,6923,2.37396,0.0815081,0.999857,6923,1.29066,0.0449177,1, 
380.off: Vase,9356,2.14027,0.201432,0.999968,9356,1.33993,0.125937,1, 
381.off: Fourleg,6938,2.03103,0.16741,0.966535,6938,1.25582,0.0908741,1, 
382.off: Fourleg,8078,2.12801,0.0979486,0.990085,8078,1.23689,0.0990079,1, 
383.off: Fourleg,13331,2.10765,0.111149,0.999933,13331,1.18639,0.0514872,1, 
384.off: Fourleg,4712,2.32069,0.129559,0.999999,4712,1.16102,0.0818728,1, 
385.off: Fourleg,10436,2.26301,0.118475,0.934319,10436,1.25244,0.0929891,1, 
386.off: Fourleg,2087,2.32482,0.0872394,0.98765,2087,1.48489,0.0734249,1, 
387.off: Fourleg,14680,2.26278,0.1063,0.845876,14680,1.23379,0.077231,1, 
388.off: Fourleg,8411,2.23237,0.107625,0.989751,8411,1.23373,0.0694421,1, 
389.off: Fourleg,9490,2.17018,0.0166917,0.999933,9490,1.24988,0.0218755,1, 
390.off: Fourleg,9239,2.05287,0.108711,0.999999,9239,1.1486,0.0707171,1, 
391.off: Fourleg,4315,2.03774,0.0716592,0.999671,4315,1.22654,0.031835,1, 
392.off: Fourleg,8618,2.19284,0.107711,0.99924,8618,1.19322,0.0671474,1, 
393.off: Fourleg,9757,2.05279,0.0517452,1,9757,1.22682,0.0357493,1, 
394.off: Fourleg,9009,2.03287,0.0703604,0.996932,9009,1.36401,0.0293919,1, 
395.off: Fourleg,11312,2.36528,0.143226,0.950957,11312,1.22647,0.08174,1, 
396.off: Fourleg,5538,2.17274,0.0393688,0.907715,5538,1.23442,0.0922717,1, 
397.off: Fourleg,7268,2.10171,0.0663589,0.999998,7268,1.27711,0.1118,1, 
398.off: Fourleg,5312,1.72348,0.283835,0.909586,5312,1.1955,0.0753906,1, 
399.off: Fourleg,3911,2.19122,0.100469,0.997682,3911,1.31261,0.0865217,1, 
400.off: Fourleg,3703,2.03574,0.202649,0.999999,3703,1.22435,0.0893254,1, 
Standard deviation,5808.805751,0.283953904,0.091155688,0.124509068,5808.805751,0.153668679,0.056555509,0,
AVERAGE,10301.17105,2.193630587,0.12411004,0.929568771,10301.17105,1.294472289,0.071371601,1,
