1,Human,0.949333,0.6,0.954054,0.15,0.994366,0.949333,0.6,0.954054,0.15,0.994366,0.944,0.4,0.951351,0.1,0.991549,
2,Human,0.954667,0.8,0.956757,0.2,0.997183,0.949333,0.6,0.954054,0.15,0.994366,0.938667,0.2,0.948649,0.05,0.988732,
3,Human,0.938667,0.2,0.948649,0.05,0.988732,0.938667,0.2,0.948649,0.05,0.988732,0.938667,0.2,0.948649,0.05,0.988732,
4,Human,0.944,0.4,0.951351,0.1,0.991549,0.944,0.4,0.951351,0.1,0.991549,0.933333,0,0.945946,0,0.985915,
5,Human,0.944,0.4,0.951351,0.1,0.991549,0.944,0.4,0.951351,0.1,0.991549,0.944,0.4,0.951351,0.1,0.991549,
6,Human,0.949333,0.6,0.954054,0.15,0.994366,0.949333,0.6,0.954054,0.15,0.994366,0.949333,0.6,0.954054,0.15,0.994366,
7,Human,0.949333,0.6,0.954054,0.15,0.994366,0.949333,0.6,0.954054,0.15,0.994366,0.949333,0.6,0.954054,0.15,0.994366,
8,Human,0.938667,0.2,0.948649,0.05,0.988732,0.938667,0.2,0.948649,0.05,0.988732,0.944,0.4,0.951351,0.1,0.991549,
9,Human,0.938667,0.2,0.948649,0.05,0.988732,0.938667,0.2,0.948649,0.05,0.988732,0.938667,0.2,0.948649,0.05,0.988732,
10,Human,0.944,0.4,0.951351,0.1,0.991549,0.944,0.4,0.951351,0.1,0.991549,0.944,0.4,0.951351,0.1,0.991549,
11,Human,0.949333,0.6,0.954054,0.15,0.994366,0.944,0.4,0.951351,0.1,0.991549,0.944,0.4,0.951351,0.1,0.991549,
12,Human,0.949333,0.6,0.954054,0.15,0.994366,0.949333,0.6,0.954054,0.15,0.994366,0.938667,0.2,0.948649,0.05,0.988732,
13,Human,0.933333,0,0.945946,0,0.985915,0.933333,0,0.945946,0,0.985915,0.938667,0.2,0.948649,0.05,0.988732,
14,Human,0.933333,0,0.945946,0,0.985915,0.933333,0,0.945946,0,0.985915,0.938667,0.2,0.948649,0.05,0.988732,
15,Human,0.933333,0,0.945946,0,0.985915,0.933333,0,0.945946,0,0.985915,0.938667,0.2,0.948649,0.05,0.988732,
16,Human,0.933333,0,0.945946,0,0.985915,0.933333,0,0.945946,0,0.985915,0.938667,0.2,0.948649,0.05,0.988732,
17,Human,0.938667,0.2,0.948649,0.05,0.988732,0.938667,0.2,0.948649,0.05,0.988732,0.933333,0,0.945946,0,0.985915,
18,Human,0.933333,0,0.945946,0,0.985915,0.933333,0,0.945946,0,0.985915,0.938667,0.2,0.948649,0.05,0.988732,
19,Human,0.949333,0.6,0.954054,0.15,0.994366,0.949333,0.6,0.954054,0.15,0.994366,0.938667,0.2,0.948649,0.05,0.988732,
20,Human,0.949333,0.6,0.954054,0.15,0.994366,0.944,0.4,0.951351,0.1,0.991549,0.949333,0.6,0.954054,0.15,0.994366,
21,Cup,0.965333,1,0.964865,0.277778,1,0.965333,1,0.964865,0.277778,1,0.96,0.8,0.962162,0.222222,0.997199,
22,Cup,0.965333,1,0.964865,0.277778,1,0.965333,1,0.964865,0.277778,1,0.944,0.2,0.954054,0.0555556,0.988796,
23,Cup,0.954667,0.6,0.959459,0.166667,0.994398,0.965333,1,0.964865,0.277778,1,0.944,0.2,0.954054,0.0555556,0.988796,
24,Cup,0.965333,1,0.964865,0.277778,1,0.965333,1,0.964865,0.277778,1,0.96,0.8,0.962162,0.222222,0.997199,
26,Cup,0.965333,1,0.964865,0.277778,1,0.965333,1,0.964865,0.277778,1,0.96,0.8,0.962162,0.222222,0.997199,
27,Cup,0.965333,1,0.964865,0.277778,1,0.965333,1,0.964865,0.277778,1,0.96,0.8,0.962162,0.222222,0.997199,
28,Cup,0.965333,1,0.964865,0.277778,1,0.965333,1,0.964865,0.277778,1,0.954667,0.6,0.959459,0.166667,0.994398,
29,Cup,0.965333,1,0.964865,0.277778,1,0.965333,1,0.964865,0.277778,1,0.954667,0.6,0.959459,0.166667,0.994398,
30,Cup,0.944,0.2,0.954054,0.0555556,0.988796,0.938667,0,0.951351,0,0.985994,0.944,0.2,0.954054,0.0555556,0.988796,
31,Cup,0.965333,1,0.964865,0.277778,1,0.965333,1,0.964865,0.277778,1,0.949333,0.4,0.956757,0.111111,0.991597,
32,Cup,0.965333,1,0.964865,0.277778,1,0.965333,1,0.964865,0.277778,1,0.954667,0.6,0.959459,0.166667,0.994398,
33,Cup,0.965333,1,0.964865,0.277778,1,0.965333,1,0.964865,0.277778,1,0.954667,0.6,0.959459,0.166667,0.994398,
34,Cup,0.965333,1,0.964865,0.277778,1,0.965333,1,0.964865,0.277778,1,0.944,0.2,0.954054,0.0555556,0.988796,
35,Cup,0.944,0.2,0.954054,0.0555556,0.988796,0.949333,0.4,0.956757,0.111111,0.991597,0.938667,0,0.951351,0,0.985994,
36,Cup,0.965333,1,0.964865,0.277778,1,0.965333,1,0.964865,0.277778,1,0.938667,0,0.951351,0,0.985994,
37,Cup,0.965333,1,0.964865,0.277778,1,0.965333,1,0.964865,0.277778,1,0.949333,0.4,0.956757,0.111111,0.991597,
38,Cup,0.965333,1,0.964865,0.277778,1,0.965333,1,0.964865,0.277778,1,0.954667,0.6,0.959459,0.166667,0.994398,
40,Cup,0.965333,1,0.964865,0.277778,1,0.965333,1,0.964865,0.277778,1,0.949333,0.4,0.956757,0.111111,0.991597,
41,Glass,0.954667,0.6,0.959459,0.166667,0.994398,0.954667,0.6,0.959459,0.166667,0.994398,0.954667,0.6,0.959459,0.166667,0.994398,
42,Glass,0.949333,0.4,0.956757,0.111111,0.991597,0.96,0.8,0.962162,0.222222,0.997199,0.944,0.2,0.954054,0.0555556,0.988796,
43,Glass,0.965333,1,0.964865,0.277778,1,0.965333,1,0.964865,0.277778,1,0.954667,0.6,0.959459,0.166667,0.994398,
44,Glass,0.954667,0.6,0.959459,0.166667,0.994398,0.954667,0.6,0.959459,0.166667,0.994398,0.954667,0.6,0.959459,0.166667,0.994398,
45,Glass,0.949333,0.4,0.956757,0.111111,0.991597,0.954667,0.6,0.959459,0.166667,0.994398,0.944,0.2,0.954054,0.0555556,0.988796,
46,Glass,0.954667,0.6,0.959459,0.166667,0.994398,0.954667,0.6,0.959459,0.166667,0.994398,0.938667,0,0.951351,0,0.985994,
48,Glass,0.96,0.8,0.962162,0.222222,0.997199,0.965333,1,0.964865,0.277778,1,0.938667,0,0.951351,0,0.985994,
49,Glass,0.965333,1,0.964865,0.277778,1,0.965333,1,0.964865,0.277778,1,0.954667,0.6,0.959459,0.166667,0.994398,
50,Glass,0.954667,0.6,0.959459,0.166667,0.994398,0.954667,0.6,0.959459,0.166667,0.994398,0.954667,0.6,0.959459,0.166667,0.994398,
51,Glass,0.954667,0.6,0.959459,0.166667,0.994398,0.954667,0.6,0.959459,0.166667,0.994398,0.949333,0.4,0.956757,0.111111,0.991597,
52,Glass,0.96,0.8,0.962162,0.222222,0.997199,0.96,0.8,0.962162,0.222222,0.997199,0.944,0.2,0.954054,0.0555556,0.988796,
53,Glass,0.96,0.8,0.962162,0.222222,0.997199,0.96,0.8,0.962162,0.222222,0.997199,0.949333,0.4,0.956757,0.111111,0.991597,
54,Glass,0.954667,0.6,0.959459,0.166667,0.994398,0.954667,0.6,0.959459,0.166667,0.994398,0.954667,0.6,0.959459,0.166667,0.994398,
55,Glass,0.954667,0.6,0.959459,0.166667,0.994398,0.954667,0.6,0.959459,0.166667,0.994398,0.954667,0.6,0.959459,0.166667,0.994398,
56,Glass,0.944,0.2,0.954054,0.0555556,0.988796,0.944,0.2,0.954054,0.0555556,0.988796,0.944,0.2,0.954054,0.0555556,0.988796,
57,Glass,0.954667,0.6,0.959459,0.166667,0.994398,0.954667,0.6,0.959459,0.166667,0.994398,0.96,0.8,0.962162,0.222222,0.997199,
59,Glass,0.954667,0.6,0.959459,0.166667,0.994398,0.96,0.8,0.962162,0.222222,0.997199,0.949333,0.4,0.956757,0.111111,0.991597,
60,Glass,0.954667,0.6,0.959459,0.166667,0.994398,0.954667,0.6,0.959459,0.166667,0.994398,0.949333,0.4,0.956757,0.111111,0.991597,
61,Airplane,0.944,0.4,0.951351,0.1,0.991549,0.944,0.4,0.951351,0.1,0.991549,0.938667,0.2,0.948649,0.05,0.988732,
62,Airplane,0.938667,0.2,0.948649,0.05,0.988732,0.938667,0.2,0.948649,0.05,0.988732,0.938667,0.2,0.948649,0.05,0.988732,
63,Airplane,0.938667,0.2,0.948649,0.05,0.988732,0.938667,0.2,0.948649,0.05,0.988732,0.938667,0.2,0.948649,0.05,0.988732,
64,Airplane,0.96,1,0.959459,0.25,1,0.96,1,0.959459,0.25,1,0.944,0.4,0.951351,0.1,0.991549,
65,Airplane,0.96,1,0.959459,0.25,1,0.96,1,0.959459,0.25,1,0.938667,0.2,0.948649,0.05,0.988732,
66,Airplane,0.938667,0.2,0.948649,0.05,0.988732,0.938667,0.2,0.948649,0.05,0.988732,0.938667,0.2,0.948649,0.05,0.988732,
67,Airplane,0.96,1,0.959459,0.25,1,0.96,1,0.959459,0.25,1,0.944,0.4,0.951351,0.1,0.991549,
68,Airplane,0.954667,0.8,0.956757,0.2,0.997183,0.954667,0.8,0.956757,0.2,0.997183,0.938667,0.2,0.948649,0.05,0.988732,
69,Airplane,0.96,1,0.959459,0.25,1,0.96,1,0.959459,0.25,1,0.944,0.4,0.951351,0.1,0.991549,
70,Airplane,0.938667,0.2,0.948649,0.05,0.988732,0.938667,0.2,0.948649,0.05,0.988732,0.949333,0.6,0.954054,0.15,0.994366,
71,Airplane,0.944,0.4,0.951351,0.1,0.991549,0.944,0.4,0.951351,0.1,0.991549,0.938667,0.2,0.948649,0.05,0.988732,
72,Airplane,0.96,1,0.959459,0.25,1,0.96,1,0.959459,0.25,1,0.938667,0.2,0.948649,0.05,0.988732,
73,Airplane,0.96,1,0.959459,0.25,1,0.96,1,0.959459,0.25,1,0.938667,0.2,0.948649,0.05,0.988732,
74,Airplane,0.949333,0.6,0.954054,0.15,0.994366,0.949333,0.6,0.954054,0.15,0.994366,0.944,0.4,0.951351,0.1,0.991549,
75,Airplane,0.96,1,0.959459,0.25,1,0.96,1,0.959459,0.25,1,0.944,0.4,0.951351,0.1,0.991549,
76,Airplane,0.938667,0.2,0.948649,0.05,0.988732,0.944,0.4,0.951351,0.1,0.991549,0.938667,0.2,0.948649,0.05,0.988732,
77,Airplane,0.96,1,0.959459,0.25,1,0.96,1,0.959459,0.25,1,0.933333,0,0.945946,0,0.985915,
78,Airplane,0.96,1,0.959459,0.25,1,0.96,1,0.959459,0.25,1,0.938667,0.2,0.948649,0.05,0.988732,
79,Airplane,0.938667,0.2,0.948649,0.05,0.988732,0.938667,0.2,0.948649,0.05,0.988732,0.938667,0.2,0.948649,0.05,0.988732,
80,Airplane,0.938667,0.2,0.948649,0.05,0.988732,0.938667,0.2,0.948649,0.05,0.988732,0.938667,0.2,0.948649,0.05,0.988732,
81,Ant,0.944,0.4,0.951351,0.1,0.991549,0.944,0.4,0.951351,0.1,0.991549,0.944,0.4,0.951351,0.1,0.991549,
82,Ant,0.96,1,0.959459,0.25,1,0.96,1,0.959459,0.25,1,0.96,1,0.959459,0.25,1,
83,Ant,0.949333,0.6,0.954054,0.15,0.994366,0.949333,0.6,0.954054,0.15,0.994366,0.96,1,0.959459,0.25,1,
84,Ant,0.954667,0.8,0.956757,0.2,0.997183,0.949333,0.6,0.954054,0.15,0.994366,0.954667,0.8,0.956757,0.2,0.997183,
85,Ant,0.944,0.4,0.951351,0.1,0.991549,0.949333,0.6,0.954054,0.15,0.994366,0.944,0.4,0.951351,0.1,0.991549,
86,Ant,0.949333,0.6,0.954054,0.15,0.994366,0.954667,0.8,0.956757,0.2,0.997183,0.949333,0.6,0.954054,0.15,0.994366,
87,Ant,0.96,1,0.959459,0.25,1,0.96,1,0.959459,0.25,1,0.944,0.4,0.951351,0.1,0.991549,
88,Ant,0.96,1,0.959459,0.25,1,0.96,1,0.959459,0.25,1,0.954667,0.8,0.956757,0.2,0.997183,
89,Ant,0.944,0.4,0.951351,0.1,0.991549,0.944,0.4,0.951351,0.1,0.991549,0.954667,0.8,0.956757,0.2,0.997183,
90,Ant,0.949333,0.6,0.954054,0.15,0.994366,0.954667,0.8,0.956757,0.2,0.997183,0.949333,0.6,0.954054,0.15,0.994366,
91,Ant,0.96,1,0.959459,0.25,1,0.96,1,0.959459,0.25,1,0.949333,0.6,0.954054,0.15,0.994366,
92,Ant,0.944,0.4,0.951351,0.1,0.991549,0.944,0.4,0.951351,0.1,0.991549,0.949333,0.6,0.954054,0.15,0.994366,
93,Ant,0.954667,0.8,0.956757,0.2,0.997183,0.954667,0.8,0.956757,0.2,0.997183,0.949333,0.6,0.954054,0.15,0.994366,
94,Ant,0.944,0.4,0.951351,0.1,0.991549,0.944,0.4,0.951351,0.1,0.991549,0.949333,0.6,0.954054,0.15,0.994366,
95,Ant,0.933333,0,0.945946,0,0.985915,0.933333,0,0.945946,0,0.985915,0.949333,0.6,0.954054,0.15,0.994366,
96,Ant,0.954667,0.8,0.956757,0.2,0.997183,0.944,0.4,0.951351,0.1,0.991549,0.938667,0.2,0.948649,0.05,0.988732,
97,Ant,0.944,0.4,0.951351,0.1,0.991549,0.949333,0.6,0.954054,0.15,0.994366,0.944,0.4,0.951351,0.1,0.991549,
98,Ant,0.949333,0.6,0.954054,0.15,0.994366,0.944,0.4,0.951351,0.1,0.991549,0.938667,0.2,0.948649,0.05,0.988732,
99,Ant,0.944,0.4,0.951351,0.1,0.991549,0.938667,0.2,0.948649,0.05,0.988732,0.944,0.4,0.951351,0.1,0.991549,
100,Ant,0.933333,0,0.945946,0,0.985915,0.933333,0,0.945946,0,0.985915,0.944,0.4,0.951351,0.1,0.991549,
101,Chair,0.96,1,0.959459,0.25,1,0.96,1,0.959459,0.25,1,0.944,0.4,0.951351,0.1,0.991549,
102,Chair,0.96,1,0.959459,0.25,1,0.96,1,0.959459,0.25,1,0.949333,0.6,0.954054,0.15,0.994366,
103,Chair,0.96,1,0.959459,0.25,1,0.954667,0.8,0.956757,0.2,0.997183,0.944,0.4,0.951351,0.1,0.991549,
104,Chair,0.96,1,0.959459,0.25,1,0.96,1,0.959459,0.25,1,0.954667,0.8,0.956757,0.2,0.997183,
105,Chair,0.96,1,0.959459,0.25,1,0.96,1,0.959459,0.25,1,0.954667,0.8,0.956757,0.2,0.997183,
106,Chair,0.96,1,0.959459,0.25,1,0.954667,0.8,0.956757,0.2,0.997183,0.944,0.4,0.951351,0.1,0.991549,
107,Chair,0.96,1,0.959459,0.25,1,0.96,1,0.959459,0.25,1,0.949333,0.6,0.954054,0.15,0.994366,
108,Chair,0.96,1,0.959459,0.25,1,0.96,1,0.959459,0.25,1,0.944,0.4,0.951351,0.1,0.991549,
109,Chair,0.954667,0.8,0.956757,0.2,0.997183,0.949333,0.6,0.954054,0.15,0.994366,0.944,0.4,0.951351,0.1,0.991549,
110,Chair,0.96,1,0.959459,0.25,1,0.96,1,0.959459,0.25,1,0.96,1,0.959459,0.25,1,
111,Chair,0.96,1,0.959459,0.25,1,0.96,1,0.959459,0.25,1,0.954667,0.8,0.956757,0.2,0.997183,
112,Chair,0.954667,0.8,0.956757,0.2,0.997183,0.96,1,0.959459,0.25,1,0.949333,0.6,0.954054,0.15,0.994366,
113,Chair,0.96,1,0.959459,0.25,1,0.96,1,0.959459,0.25,1,0.954667,0.8,0.956757,0.2,0.997183,
114,Chair,0.944,0.4,0.951351,0.1,0.991549,0.944,0.4,0.951351,0.1,0.991549,0.933333,0,0.945946,0,0.985915,
115,Chair,0.96,1,0.959459,0.25,1,0.96,1,0.959459,0.25,1,0.944,0.4,0.951351,0.1,0.991549,
116,Chair,0.96,1,0.959459,0.25,1,0.96,1,0.959459,0.25,1,0.949333,0.6,0.954054,0.15,0.994366,
117,Chair,0.944,0.4,0.951351,0.1,0.991549,0.949333,0.6,0.954054,0.15,0.994366,0.944,0.4,0.951351,0.1,0.991549,
118,Chair,0.954667,0.8,0.956757,0.2,0.997183,0.96,1,0.959459,0.25,1,0.938667,0.2,0.948649,0.05,0.988732,
119,Chair,0.96,1,0.959459,0.25,1,0.96,1,0.959459,0.25,1,0.949333,0.6,0.954054,0.15,0.994366,
120,Chair,0.96,1,0.959459,0.25,1,0.96,1,0.959459,0.25,1,0.933333,0,0.945946,0,0.985915,
121,Octopus,0.933333,0,0.945946,0,0.985915,0.933333,0,0.945946,0,0.985915,0.938667,0.2,0.948649,0.05,0.988732,
122,Octopus,0.944,0.4,0.951351,0.1,0.991549,0.944,0.4,0.951351,0.1,0.991549,0.933333,0,0.945946,0,0.985915,
123,Octopus,0.933333,0,0.945946,0,0.985915,0.933333,0,0.945946,0,0.985915,0.938667,0.2,0.948649,0.05,0.988732,
124,Octopus,0.949333,0.6,0.954054,0.15,0.994366,0.949333,0.6,0.954054,0.15,0.994366,0.938667,0.2,0.948649,0.05,0.988732,
125,Octopus,0.933333,0,0.945946,0,0.985915,0.933333,0,0.945946,0,0.985915,0.933333,0,0.945946,0,0.985915,
126,Octopus,0.933333,0,0.945946,0,0.985915,0.933333,0,0.945946,0,0.985915,0.938667,0.2,0.948649,0.05,0.988732,
127,Octopus,0.938667,0.2,0.948649,0.05,0.988732,0.938667,0.2,0.948649,0.05,0.988732,0.944,0.4,0.951351,0.1,0.991549,
128,Octopus,0.938667,0.2,0.948649,0.05,0.988732,0.938667,0.2,0.948649,0.05,0.988732,0.938667,0.2,0.948649,0.05,0.988732,
129,Octopus,0.949333,0.6,0.954054,0.15,0.994366,0.949333,0.6,0.954054,0.15,0.994366,0.944,0.4,0.951351,0.1,0.991549,
130,Octopus,0.949333,0.6,0.954054,0.15,0.994366,0.949333,0.6,0.954054,0.15,0.994366,0.944,0.4,0.951351,0.1,0.991549,
131,Octopus,0.933333,0,0.945946,0,0.985915,0.933333,0,0.945946,0,0.985915,0.933333,0,0.945946,0,0.985915,
132,Octopus,0.933333,0,0.945946,0,0.985915,0.933333,0,0.945946,0,0.985915,0.933333,0,0.945946,0,0.985915,
133,Octopus,0.938667,0.2,0.948649,0.05,0.988732,0.938667,0.2,0.948649,0.05,0.988732,0.933333,0,0.945946,0,0.985915,
134,Octopus,0.938667,0.2,0.948649,0.05,0.988732,0.938667,0.2,0.948649,0.05,0.988732,0.938667,0.2,0.948649,0.05,0.988732,
135,Octopus,0.938667,0.2,0.948649,0.05,0.988732,0.933333,0,0.945946,0,0.985915,0.933333,0,0.945946,0,0.985915,
136,Octopus,0.938667,0.2,0.948649,0.05,0.988732,0.938667,0.2,0.948649,0.05,0.988732,0.933333,0,0.945946,0,0.985915,
137,Octopus,0.944,0.4,0.951351,0.1,0.991549,0.949333,0.6,0.954054,0.15,0.994366,0.938667,0.2,0.948649,0.05,0.988732,
138,Octopus,0.944,0.4,0.951351,0.1,0.991549,0.944,0.4,0.951351,0.1,0.991549,0.938667,0.2,0.948649,0.05,0.988732,
139,Octopus,0.938667,0.2,0.948649,0.05,0.988732,0.944,0.4,0.951351,0.1,0.991549,0.944,0.4,0.951351,0.1,0.991549,
140,Octopus,0.938667,0.2,0.948649,0.05,0.988732,0.938667,0.2,0.948649,0.05,0.988732,0.938667,0.2,0.948649,0.05,0.988732,
141,Table,0.954667,0.8,0.956757,0.2,0.997183,0.96,1,0.959459,0.25,1,0.938667,0.2,0.948649,0.05,0.988732,
142,Table,0.944,0.4,0.951351,0.1,0.991549,0.944,0.4,0.951351,0.1,0.991549,0.938667,0.2,0.948649,0.05,0.988732,
143,Table,0.944,0.4,0.951351,0.1,0.991549,0.944,0.4,0.951351,0.1,0.991549,0.933333,0,0.945946,0,0.985915,
144,Table,0.949333,0.6,0.954054,0.15,0.994366,0.949333,0.6,0.954054,0.15,0.994366,0.944,0.4,0.951351,0.1,0.991549,
145,Table,0.954667,0.8,0.956757,0.2,0.997183,0.954667,0.8,0.956757,0.2,0.997183,0.938667,0.2,0.948649,0.05,0.988732,
146,Table,0.938667,0.2,0.948649,0.05,0.988732,0.949333,0.6,0.954054,0.15,0.994366,0.933333,0,0.945946,0,0.985915,
147,Table,0.938667,0.2,0.948649,0.05,0.988732,0.938667,0.2,0.948649,0.05,0.988732,0.949333,0.6,0.954054,0.15,0.994366,
148,Table,0.949333,0.6,0.954054,0.15,0.994366,0.949333,0.6,0.954054,0.15,0.994366,0.944,0.4,0.951351,0.1,0.991549,
149,Table,0.949333,0.6,0.954054,0.15,0.994366,0.954667,0.8,0.956757,0.2,0.997183,0.949333,0.6,0.954054,0.15,0.994366,
150,Table,0.954667,0.8,0.956757,0.2,0.997183,0.96,1,0.959459,0.25,1,0.933333,0,0.945946,0,0.985915,
151,Table,0.96,1,0.959459,0.25,1,0.954667,0.8,0.956757,0.2,0.997183,0.944,0.4,0.951351,0.1,0.991549,
152,Table,0.933333,0,0.945946,0,0.985915,0.933333,0,0.945946,0,0.985915,0.938667,0.2,0.948649,0.05,0.988732,
153,Table,0.96,1,0.959459,0.25,1,0.96,1,0.959459,0.25,1,0.954667,0.8,0.956757,0.2,0.997183,
154,Table,0.954667,0.8,0.956757,0.2,0.997183,0.954667,0.8,0.956757,0.2,0.997183,0.938667,0.2,0.948649,0.05,0.988732,
155,Table,0.944,0.4,0.951351,0.1,0.991549,0.938667,0.2,0.948649,0.05,0.988732,0.944,0.4,0.951351,0.1,0.991549,
156,Table,0.944,0.4,0.951351,0.1,0.991549,0.949333,0.6,0.954054,0.15,0.994366,0.938667,0.2,0.948649,0.05,0.988732,
157,Table,0.949333,0.6,0.954054,0.15,0.994366,0.949333,0.6,0.954054,0.15,0.994366,0.949333,0.6,0.954054,0.15,0.994366,
158,Table,0.949333,0.6,0.954054,0.15,0.994366,0.96,1,0.959459,0.25,1,0.938667,0.2,0.948649,0.05,0.988732,
159,Table,0.96,1,0.959459,0.25,1,0.96,1,0.959459,0.25,1,0.933333,0,0.945946,0,0.985915,
160,Table,0.944,0.4,0.951351,0.1,0.991549,0.938667,0.2,0.948649,0.05,0.988732,0.938667,0.2,0.948649,0.05,0.988732,
161,Teddy,0.954667,0.8,0.956757,0.2,0.997183,0.949333,0.6,0.954054,0.15,0.994366,0.949333,0.6,0.954054,0.15,0.994366,
162,Teddy,0.949333,0.6,0.954054,0.15,0.994366,0.949333,0.6,0.954054,0.15,0.994366,0.954667,0.8,0.956757,0.2,0.997183,
163,Teddy,0.96,1,0.959459,0.25,1,0.96,1,0.959459,0.25,1,0.949333,0.6,0.954054,0.15,0.994366,
164,Teddy,0.954667,0.8,0.956757,0.2,0.997183,0.949333,0.6,0.954054,0.15,0.994366,0.938667,0.2,0.948649,0.05,0.988732,
165,Teddy,0.96,1,0.959459,0.25,1,0.954667,0.8,0.956757,0.2,0.997183,0.944,0.4,0.951351,0.1,0.991549,
166,Teddy,0.96,1,0.959459,0.25,1,0.96,1,0.959459,0.25,1,0.954667,0.8,0.956757,0.2,0.997183,
167,Teddy,0.954667,0.8,0.956757,0.2,0.997183,0.954667,0.8,0.956757,0.2,0.997183,0.944,0.4,0.951351,0.1,0.991549,
168,Teddy,0.954667,0.8,0.956757,0.2,0.997183,0.954667,0.8,0.956757,0.2,0.997183,0.949333,0.6,0.954054,0.15,0.994366,
169,Teddy,0.954667,0.8,0.956757,0.2,0.997183,0.96,1,0.959459,0.25,1,0.96,1,0.959459,0.25,1,
170,Teddy,0.954667,0.8,0.956757,0.2,0.997183,0.96,1,0.959459,0.25,1,0.949333,0.6,0.954054,0.15,0.994366,
171,Teddy,0.954667,0.8,0.956757,0.2,0.997183,0.954667,0.8,0.956757,0.2,0.997183,0.933333,0,0.945946,0,0.985915,
172,Teddy,0.944,0.4,0.951351,0.1,0.991549,0.944,0.4,0.951351,0.1,0.991549,0.938667,0.2,0.948649,0.05,0.988732,
173,Teddy,0.944,0.4,0.951351,0.1,0.991549,0.944,0.4,0.951351,0.1,0.991549,0.938667,0.2,0.948649,0.05,0.988732,
174,Teddy,0.944,0.4,0.951351,0.1,0.991549,0.944,0.4,0.951351,0.1,0.991549,0.933333,0,0.945946,0,0.985915,
175,Teddy,0.96,1,0.959459,0.25,1,0.96,1,0.959459,0.25,1,0.944,0.4,0.951351,0.1,0.991549,
176,Teddy,0.944,0.4,0.951351,0.1,0.991549,0.944,0.4,0.951351,0.1,0.991549,0.938667,0.2,0.948649,0.05,0.988732,
177,Teddy,0.944,0.4,0.951351,0.1,0.991549,0.938667,0.2,0.948649,0.05,0.988732,0.944,0.4,0.951351,0.1,0.991549,
178,Teddy,0.949333,0.6,0.954054,0.15,0.994366,0.954667,0.8,0.956757,0.2,0.997183,0.938667,0.2,0.948649,0.05,0.988732,
179,Teddy,0.949333,0.6,0.954054,0.15,0.994366,0.944,0.4,0.951351,0.1,0.991549,0.944,0.4,0.951351,0.1,0.991549,
180,Teddy,0.949333,0.6,0.954054,0.15,0.994366,0.949333,0.6,0.954054,0.15,0.994366,0.944,0.4,0.951351,0.1,0.991549,
181,Hand,0.944,0.4,0.951351,0.1,0.991549,0.938667,0.2,0.948649,0.05,0.988732,0.938667,0.2,0.948649,0.05,0.988732,
182,Hand,0.949333,0.6,0.954054,0.15,0.994366,0.949333,0.6,0.954054,0.15,0.994366,0.954667,0.8,0.956757,0.2,0.997183,
183,Hand,0.944,0.4,0.951351,0.1,0.991549,0.938667,0.2,0.948649,0.05,0.988732,0.938667,0.2,0.948649,0.05,0.988732,
184,Hand,0.949333,0.6,0.954054,0.15,0.994366,0.949333,0.6,0.954054,0.15,0.994366,0.933333,0,0.945946,0,0.985915,
185,Hand,0.938667,0.2,0.948649,0.05,0.988732,0.938667,0.2,0.948649,0.05,0.988732,0.933333,0,0.945946,0,0.985915,
186,Hand,0.938667,0.2,0.948649,0.05,0.988732,0.933333,0,0.945946,0,0.985915,0.938667,0.2,0.948649,0.05,0.988732,
187,Hand,0.944,0.4,0.951351,0.1,0.991549,0.944,0.4,0.951351,0.1,0.991549,0.944,0.4,0.951351,0.1,0.991549,
188,Hand,0.938667,0.2,0.948649,0.05,0.988732,0.933333,0,0.945946,0,0.985915,0.944,0.4,0.951351,0.1,0.991549,
189,Hand,0.933333,0,0.945946,0,0.985915,0.933333,0,0.945946,0,0.985915,0.944,0.4,0.951351,0.1,0.991549,
190,Hand,0.938667,0.2,0.948649,0.05,0.988732,0.938667,0.2,0.948649,0.05,0.988732,0.933333,0,0.945946,0,0.985915,
191,Hand,0.933333,0,0.945946,0,0.985915,0.933333,0,0.945946,0,0.985915,0.933333,0,0.945946,0,0.985915,
192,Hand,0.938667,0.2,0.948649,0.05,0.988732,0.933333,0,0.945946,0,0.985915,0.933333,0,0.945946,0,0.985915,
193,Hand,0.949333,0.6,0.954054,0.15,0.994366,0.949333,0.6,0.954054,0.15,0.994366,0.949333,0.6,0.954054,0.15,0.994366,
194,Hand,0.944,0.4,0.951351,0.1,0.991549,0.949333,0.6,0.954054,0.15,0.994366,0.938667,0.2,0.948649,0.05,0.988732,
195,Hand,0.954667,0.8,0.956757,0.2,0.997183,0.954667,0.8,0.956757,0.2,0.997183,0.938667,0.2,0.948649,0.05,0.988732,
196,Hand,0.949333,0.6,0.954054,0.15,0.994366,0.949333,0.6,0.954054,0.15,0.994366,0.949333,0.6,0.954054,0.15,0.994366,
197,Hand,0.949333,0.6,0.954054,0.15,0.994366,0.949333,0.6,0.954054,0.15,0.994366,0.944,0.4,0.951351,0.1,0.991549,
198,Hand,0.933333,0,0.945946,0,0.985915,0.933333,0,0.945946,0,0.985915,0.933333,0,0.945946,0,0.985915,
199,Hand,0.949333,0.6,0.954054,0.15,0.994366,0.944,0.4,0.951351,0.1,0.991549,0.944,0.4,0.951351,0.1,0.991549,
200,Hand,0.944,0.4,0.951351,0.1,0.991549,0.949333,0.6,0.954054,0.15,0.994366,0.938667,0.2,0.948649,0.05,0.988732,
201,Plier,0.944,0.4,0.951351,0.1,0.991549,0.96,1,0.959459,0.25,1,0.96,1,0.959459,0.25,1,
202,Plier,0.96,1,0.959459,0.25,1,0.96,1,0.959459,0.25,1,0.949333,0.6,0.954054,0.15,0.994366,
203,Plier,0.96,1,0.959459,0.25,1,0.96,1,0.959459,0.25,1,0.96,1,0.959459,0.25,1,
204,Plier,0.949333,0.6,0.954054,0.15,0.994366,0.96,1,0.959459,0.25,1,0.96,1,0.959459,0.25,1,
205,Plier,0.96,1,0.959459,0.25,1,0.96,1,0.959459,0.25,1,0.954667,0.8,0.956757,0.2,0.997183,
206,Plier,0.96,1,0.959459,0.25,1,0.96,1,0.959459,0.25,1,0.96,1,0.959459,0.25,1,
207,Plier,0.96,1,0.959459,0.25,1,0.96,1,0.959459,0.25,1,0.96,1,0.959459,0.25,1,
208,Plier,0.96,1,0.959459,0.25,1,0.96,1,0.959459,0.25,1,0.96,1,0.959459,0.25,1,
209,Plier,0.96,1,0.959459,0.25,1,0.96,1,0.959459,0.25,1,0.96,1,0.959459,0.25,1,
210,Plier,0.96,1,0.959459,0.25,1,0.96,1,0.959459,0.25,1,0.96,1,0.959459,0.25,1,
211,Plier,0.954667,0.8,0.956757,0.2,0.997183,0.96,1,0.959459,0.25,1,0.96,1,0.959459,0.25,1,
212,Plier,0.949333,0.6,0.954054,0.15,0.994366,0.96,1,0.959459,0.25,1,0.96,1,0.959459,0.25,1,
213,Plier,0.949333,0.6,0.954054,0.15,0.994366,0.954667,0.8,0.956757,0.2,0.997183,0.938667,0.2,0.948649,0.05,0.988732,
214,Plier,0.949333,0.6,0.954054,0.15,0.994366,0.96,1,0.959459,0.25,1,0.949333,0.6,0.954054,0.15,0.994366,
215,Plier,0.954667,0.8,0.956757,0.2,0.997183,0.954667,0.8,0.956757,0.2,0.997183,0.96,1,0.959459,0.25,1,
216,Plier,0.954667,0.8,0.956757,0.2,0.997183,0.954667,0.8,0.956757,0.2,0.997183,0.949333,0.6,0.954054,0.15,0.994366,
217,Plier,0.96,1,0.959459,0.25,1,0.96,1,0.959459,0.25,1,0.96,1,0.959459,0.25,1,
218,Plier,0.96,1,0.959459,0.25,1,0.96,1,0.959459,0.25,1,0.944,0.4,0.951351,0.1,0.991549,
219,Plier,0.96,1,0.959459,0.25,1,0.96,1,0.959459,0.25,1,0.949333,0.6,0.954054,0.15,0.994366,
220,Plier,0.96,1,0.959459,0.25,1,0.96,1,0.959459,0.25,1,0.949333,0.6,0.954054,0.15,0.994366,
221,Fish,0.949333,0.6,0.954054,0.15,0.994366,0.954667,0.8,0.956757,0.2,0.997183,0.944,0.4,0.951351,0.1,0.991549,
222,Fish,0.96,1,0.959459,0.25,1,0.96,1,0.959459,0.25,1,0.96,1,0.959459,0.25,1,
223,Fish,0.954667,0.8,0.956757,0.2,0.997183,0.954667,0.8,0.956757,0.2,0.997183,0.949333,0.6,0.954054,0.15,0.994366,
224,Fish,0.954667,0.8,0.956757,0.2,0.997183,0.954667,0.8,0.956757,0.2,0.997183,0.938667,0.2,0.948649,0.05,0.988732,
225,Fish,0.954667,0.8,0.956757,0.2,0.997183,0.954667,0.8,0.956757,0.2,0.997183,0.949333,0.6,0.954054,0.15,0.994366,
226,Fish,0.96,1,0.959459,0.25,1,0.96,1,0.959459,0.25,1,0.954667,0.8,0.956757,0.2,0.997183,
227,Fish,0.96,1,0.959459,0.25,1,0.96,1,0.959459,0.25,1,0.96,1,0.959459,0.25,1,
228,Fish,0.96,1,0.959459,0.25,1,0.96,1,0.959459,0.25,1,0.96,1,0.959459,0.25,1,
229,Fish,0.96,1,0.959459,0.25,1,0.96,1,0.959459,0.25,1,0.954667,0.8,0.956757,0.2,0.997183,
230,Fish,0.944,0.4,0.951351,0.1,0.991549,0.944,0.4,0.951351,0.1,0.991549,0.933333,0,0.945946,0,0.985915,
231,Fish,0.96,1,0.959459,0.25,1,0.96,1,0.959459,0.25,1,0.949333,0.6,0.954054,0.15,0.994366,
232,Fish,0.96,1,0.959459,0.25,1,0.96,1,0.959459,0.25,1,0.949333,0.6,0.954054,0.15,0.994366,
233,Fish,0.933333,0,0.945946,0,0.985915,0.933333,0,0.945946,0,0.985915,0.933333,0,0.945946,0,0.985915,
234,Fish,0.954667,0.8,0.956757,0.2,0.997183,0.96,1,0.959459,0.25,1,0.949333,0.6,0.954054,0.15,0.994366,
235,Fish,0.96,1,0.959459,0.25,1,0.954667,0.8,0.956757,0.2,0.997183,0.944,0.4,0.951351,0.1,0.991549,
236,Fish,0.954667,0.8,0.956757,0.2,0.997183,0.954667,0.8,0.956757,0.2,0.997183,0.96,1,0.959459,0.25,1,
237,Fish,0.944,0.4,0.951351,0.1,0.991549,0.944,0.4,0.951351,0.1,0.991549,0.944,0.4,0.951351,0.1,0.991549,
238,Fish,0.96,1,0.959459,0.25,1,0.96,1,0.959459,0.25,1,0.954667,0.8,0.956757,0.2,0.997183,
239,Fish,0.954667,0.8,0.956757,0.2,0.997183,0.949333,0.6,0.954054,0.15,0.994366,0.954667,0.8,0.956757,0.2,0.997183,
240,Fish,0.954667,0.8,0.956757,0.2,0.997183,0.96,1,0.959459,0.25,1,0.954667,0.8,0.956757,0.2,0.997183,
241,Bird,0.938667,0.2,0.948649,0.05,0.988732,0.938667,0.2,0.948649,0.05,0.988732,0.933333,0,0.945946,0,0.985915,
242,Bird,0.938667,0.2,0.948649,0.05,0.988732,0.938667,0.2,0.948649,0.05,0.988732,0.938667,0.2,0.948649,0.05,0.988732,
243,Bird,0.944,0.4,0.951351,0.1,0.991549,0.938667,0.2,0.948649,0.05,0.988732,0.938667,0.2,0.948649,0.05,0.988732,
244,Bird,0.938667,0.2,0.948649,0.05,0.988732,0.938667,0.2,0.948649,0.05,0.988732,0.938667,0.2,0.948649,0.05,0.988732,
245,Bird,0.944,0.4,0.951351,0.1,0.991549,0.944,0.4,0.951351,0.1,0.991549,0.933333,0,0.945946,0,0.985915,
246,Bird,0.933333,0,0.945946,0,0.985915,0.938667,0.2,0.948649,0.05,0.988732,0.944,0.4,0.951351,0.1,0.991549,
247,Bird,0.949333,0.6,0.954054,0.15,0.994366,0.944,0.4,0.951351,0.1,0.991549,0.933333,0,0.945946,0,0.985915,
248,Bird,0.944,0.4,0.951351,0.1,0.991549,0.944,0.4,0.951351,0.1,0.991549,0.933333,0,0.945946,0,0.985915,
249,Bird,0.938667,0.2,0.948649,0.05,0.988732,0.938667,0.2,0.948649,0.05,0.988732,0.938667,0.2,0.948649,0.05,0.988732,
250,Bird,0.938667,0.2,0.948649,0.05,0.988732,0.938667,0.2,0.948649,0.05,0.988732,0.938667,0.2,0.948649,0.05,0.988732,
251,Bird,0.944,0.4,0.951351,0.1,0.991549,0.938667,0.2,0.948649,0.05,0.988732,0.938667,0.2,0.948649,0.05,0.988732,
252,Bird,0.944,0.4,0.951351,0.1,0.991549,0.949333,0.6,0.954054,0.15,0.994366,0.938667,0.2,0.948649,0.05,0.988732,
253,Bird,0.938667,0.2,0.948649,0.05,0.988732,0.938667,0.2,0.948649,0.05,0.988732,0.938667,0.2,0.948649,0.05,0.988732,
254,Bird,0.938667,0.2,0.948649,0.05,0.988732,0.938667,0.2,0.948649,0.05,0.988732,0.938667,0.2,0.948649,0.05,0.988732,
255,Bird,0.944,0.4,0.951351,0.1,0.991549,0.944,0.4,0.951351,0.1,0.991549,0.938667,0.2,0.948649,0.05,0.988732,
256,Bird,0.944,0.4,0.951351,0.1,0.991549,0.944,0.4,0.951351,0.1,0.991549,0.938667,0.2,0.948649,0.05,0.988732,
257,Bird,0.933333,0,0.945946,0,0.985915,0.933333,0,0.945946,0,0.985915,0.933333,0,0.945946,0,0.985915,
258,Bird,0.944,0.4,0.951351,0.1,0.991549,0.938667,0.2,0.948649,0.05,0.988732,0.933333,0,0.945946,0,0.985915,
259,Bird,0.938667,0.2,0.948649,0.05,0.988732,0.938667,0.2,0.948649,0.05,0.988732,0.938667,0.2,0.948649,0.05,0.988732,
260,Bird,0.938667,0.2,0.948649,0.05,0.988732,0.944,0.4,0.951351,0.1,0.991549,0.933333,0,0.945946,0,0.985915,
281,Armadillo,0.949333,0.6,0.954054,0.15,0.994366,0.949333,0.6,0.954054,0.15,0.994366,0.938667,0.2,0.948649,0.05,0.988732,
282,Armadillo,0.949333,0.6,0.954054,0.15,0.994366,0.949333,0.6,0.954054,0.15,0.994366,0.933333,0,0.945946,0,0.985915,
283,Armadillo,0.938667,0.2,0.948649,0.05,0.988732,0.938667,0.2,0.948649,0.05,0.988732,0.933333,0,0.945946,0,0.985915,
284,Armadillo,0.949333,0.6,0.954054,0.15,0.994366,0.949333,0.6,0.954054,0.15,0.994366,0.938667,0.2,0.948649,0.05,0.988732,
285,Armadillo,0.944,0.4,0.951351,0.1,0.991549,0.944,0.4,0.951351,0.1,0.991549,0.933333,0,0.945946,0,0.985915,
286,Armadillo,0.944,0.4,0.951351,0.1,0.991549,0.944,0.4,0.951351,0.1,0.991549,0.933333,0,0.945946,0,0.985915,
287,Armadillo,0.949333,0.6,0.954054,0.15,0.994366,0.949333,0.6,0.954054,0.15,0.994366,0.944,0.4,0.951351,0.1,0.991549,
288,Armadillo,0.949333,0.6,0.954054,0.15,0.994366,0.949333,0.6,0.954054,0.15,0.994366,0.944,0.4,0.951351,0.1,0.991549,
289,Armadillo,0.949333,0.6,0.954054,0.15,0.994366,0.949333,0.6,0.954054,0.15,0.994366,0.938667,0.2,0.948649,0.05,0.988732,
290,Armadillo,0.933333,0,0.945946,0,0.985915,0.933333,0,0.945946,0,0.985915,0.933333,0,0.945946,0,0.985915,
291,Armadillo,0.944,0.4,0.951351,0.1,0.991549,0.938667,0.2,0.948649,0.05,0.988732,0.944,0.4,0.951351,0.1,0.991549,
292,Armadillo,0.96,1,0.959459,0.25,1,0.954667,0.8,0.956757,0.2,0.997183,0.949333,0.6,0.954054,0.15,0.994366,
293,Armadillo,0.949333,0.6,0.954054,0.15,0.994366,0.949333,0.6,0.954054,0.15,0.994366,0.944,0.4,0.951351,0.1,0.991549,
294,Armadillo,0.938667,0.2,0.948649,0.05,0.988732,0.938667,0.2,0.948649,0.05,0.988732,0.938667,0.2,0.948649,0.05,0.988732,
295,Armadillo,0.944,0.4,0.951351,0.1,0.991549,0.938667,0.2,0.948649,0.05,0.988732,0.944,0.4,0.951351,0.1,0.991549,
296,Armadillo,0.954667,0.8,0.956757,0.2,0.997183,0.954667,0.8,0.956757,0.2,0.997183,0.949333,0.6,0.954054,0.15,0.994366,
297,Armadillo,0.938667,0.2,0.948649,0.05,0.988732,0.938667,0.2,0.948649,0.05,0.988732,0.933333,0,0.945946,0,0.985915,
298,Armadillo,0.954667,0.8,0.956757,0.2,0.997183,0.954667,0.8,0.956757,0.2,0.997183,0.954667,0.8,0.956757,0.2,0.997183,
299,Armadillo,0.949333,0.6,0.954054,0.15,0.994366,0.954667,0.8,0.956757,0.2,0.997183,0.949333,0.6,0.954054,0.15,0.994366,
300,Armadillo,0.944,0.4,0.951351,0.1,0.991549,0.944,0.4,0.951351,0.1,0.991549,0.938667,0.2,0.948649,0.05,0.988732,
301,Bust,0.933333,0,0.945946,0,0.985915,0.938667,0.2,0.948649,0.05,0.988732,0.938667,0.2,0.948649,0.05,0.988732,
302,Bust,0.96,1,0.959459,0.25,1,0.96,1,0.959459,0.25,1,0.949333,0.6,0.954054,0.15,0.994366,
303,Bust,0.944,0.4,0.951351,0.1,0.991549,0.944,0.4,0.951351,0.1,0.991549,0.938667,0.2,0.948649,0.05,0.988732,
304,Bust,0.933333,0,0.945946,0,0.985915,0.933333,0,0.945946,0,0.985915,0.938667,0.2,0.948649,0.05,0.988732,
305,Bust,0.96,1,0.959459,0.25,1,0.96,1,0.959459,0.25,1,0.938667,0.2,0.948649,0.05,0.988732,
306,Bust,0.954667,0.8,0.956757,0.2,0.997183,0.96,1,0.959459,0.25,1,0.933333,0,0.945946,0,0.985915,
307,Bust,0.938667,0.2,0.948649,0.05,0.988732,0.938667,0.2,0.948649,0.05,0.988732,0.938667,0.2,0.948649,0.05,0.988732,
308,Bust,0.938667,0.2,0.948649,0.05,0.988732,0.938667,0.2,0.948649,0.05,0.988732,0.949333,0.6,0.954054,0.15,0.994366,
309,Bust,0.96,1,0.959459,0.25,1,0.96,1,0.959459,0.25,1,0.938667,0.2,0.948649,0.05,0.988732,
310,Bust,0.949333,0.6,0.954054,0.15,0.994366,0.954667,0.8,0.956757,0.2,0.997183,0.954667,0.8,0.956757,0.2,0.997183,
311,Bust,0.949333,0.6,0.954054,0.15,0.994366,0.949333,0.6,0.954054,0.15,0.994366,0.944,0.4,0.951351,0.1,0.991549,
312,Bust,0.96,1,0.959459,0.25,1,0.96,1,0.959459,0.25,1,0.944,0.4,0.951351,0.1,0.991549,
313,Bust,0.96,1,0.959459,0.25,1,0.954667,0.8,0.956757,0.2,0.997183,0.944,0.4,0.951351,0.1,0.991549,
314,Bust,0.933333,0,0.945946,0,0.985915,0.933333,0,0.945946,0,0.985915,0.938667,0.2,0.948649,0.05,0.988732,
315,Bust,0.954667,0.8,0.956757,0.2,0.997183,0.96,1,0.959459,0.25,1,0.933333,0,0.945946,0,0.985915,
316,Bust,0.96,1,0.959459,0.25,1,0.96,1,0.959459,0.25,1,0.944,0.4,0.951351,0.1,0.991549,
317,Bust,0.954667,0.8,0.956757,0.2,0.997183,0.954667,0.8,0.956757,0.2,0.997183,0.938667,0.2,0.948649,0.05,0.988732,
318,Bust,0.949333,0.6,0.954054,0.15,0.994366,0.949333,0.6,0.954054,0.15,0.994366,0.944,0.4,0.951351,0.1,0.991549,
319,Bust,0.949333,0.6,0.954054,0.15,0.994366,0.954667,0.8,0.956757,0.2,0.997183,0.944,0.4,0.951351,0.1,0.991549,
320,Bust,0.954667,0.8,0.956757,0.2,0.997183,0.949333,0.6,0.954054,0.15,0.994366,0.938667,0.2,0.948649,0.05,0.988732,
321,Mech,0.96,1,0.959459,0.25,1,0.96,1,0.959459,0.25,1,0.96,1,0.959459,0.25,1,
322,Mech,0.96,1,0.959459,0.25,1,0.96,1,0.959459,0.25,1,0.96,1,0.959459,0.25,1,
323,Mech,0.96,1,0.959459,0.25,1,0.96,1,0.959459,0.25,1,0.949333,0.6,0.954054,0.15,0.994366,
324,Mech,0.944,0.4,0.951351,0.1,0.991549,0.944,0.4,0.951351,0.1,0.991549,0.954667,0.8,0.956757,0.2,0.997183,
325,Mech,0.96,1,0.959459,0.25,1,0.96,1,0.959459,0.25,1,0.954667,0.8,0.956757,0.2,0.997183,
326,Mech,0.96,1,0.959459,0.25,1,0.96,1,0.959459,0.25,1,0.949333,0.6,0.954054,0.15,0.994366,
327,Mech,0.949333,0.6,0.954054,0.15,0.994366,0.954667,0.8,0.956757,0.2,0.997183,0.933333,0,0.945946,0,0.985915,
328,Mech,0.96,1,0.959459,0.25,1,0.96,1,0.959459,0.25,1,0.96,1,0.959459,0.25,1,
329,Mech,0.96,1,0.959459,0.25,1,0.96,1,0.959459,0.25,1,0.96,1,0.959459,0.25,1,
330,Mech,0.96,1,0.959459,0.25,1,0.96,1,0.959459,0.25,1,0.96,1,0.959459,0.25,1,
331,Mech,0.96,1,0.959459,0.25,1,0.96,1,0.959459,0.25,1,0.949333,0.6,0.954054,0.15,0.994366,
332,Mech,0.96,1,0.959459,0.25,1,0.96,1,0.959459,0.25,1,0.954667,0.8,0.956757,0.2,0.997183,
333,Mech,0.96,1,0.959459,0.25,1,0.96,1,0.959459,0.25,1,0.954667,0.8,0.956757,0.2,0.997183,
334,Mech,0.96,1,0.959459,0.25,1,0.96,1,0.959459,0.25,1,0.949333,0.6,0.954054,0.15,0.994366,
335,Mech,0.96,1,0.959459,0.25,1,0.96,1,0.959459,0.25,1,0.949333,0.6,0.954054,0.15,0.994366,
336,Mech,0.933333,0,0.945946,0,0.985915,0.933333,0,0.945946,0,0.985915,0.933333,0,0.945946,0,0.985915,
337,Mech,0.944,0.4,0.951351,0.1,0.991549,0.944,0.4,0.951351,0.1,0.991549,0.944,0.4,0.951351,0.1,0.991549,
338,Mech,0.949333,0.6,0.954054,0.15,0.994366,0.949333,0.6,0.954054,0.15,0.994366,0.949333,0.6,0.954054,0.15,0.994366,
339,Mech,0.96,1,0.959459,0.25,1,0.96,1,0.959459,0.25,1,0.944,0.4,0.951351,0.1,0.991549,
340,Mech,0.96,1,0.959459,0.25,1,0.96,1,0.959459,0.25,1,0.938667,0.2,0.948649,0.05,0.988732,
341,Bearing,0.946667,0.4,0.954054,0.105263,0.991573,0.946667,0.4,0.954054,0.105263,0.991573,0.946667,0.4,0.954054,0.105263,0.991573,
342,Bearing,0.952,0.6,0.956757,0.157895,0.994382,0.946667,0.4,0.954054,0.105263,0.991573,0.946667,0.4,0.954054,0.105263,0.991573,
343,Bearing,0.952,0.6,0.956757,0.157895,0.994382,0.946667,0.4,0.954054,0.105263,0.991573,0.946667,0.4,0.954054,0.105263,0.991573,
344,Bearing,0.946667,0.4,0.954054,0.105263,0.991573,0.946667,0.4,0.954054,0.105263,0.991573,0.952,0.6,0.956757,0.157895,0.994382,
345,Bearing,0.946667,0.4,0.954054,0.105263,0.991573,0.946667,0.4,0.954054,0.105263,0.991573,0.946667,0.4,0.954054,0.105263,0.991573,
346,Bearing,0.946667,0.4,0.954054,0.105263,0.991573,0.946667,0.4,0.954054,0.105263,0.991573,0.946667,0.4,0.954054,0.105263,0.991573,
347,Bearing,0.952,0.6,0.956757,0.157895,0.994382,0.952,0.6,0.956757,0.157895,0.994382,0.941333,0.2,0.951351,0.0526316,0.988764,
348,Bearing,0.941333,0.2,0.951351,0.0526316,0.988764,0.941333,0.2,0.951351,0.0526316,0.988764,0.936,0,0.948649,0,0.985955,
349,Bearing,0.936,0,0.948649,0,0.985955,0.936,0,0.948649,0,0.985955,0.936,0,0.948649,0,0.985955,
350,Bearing,0.946667,0.4,0.954054,0.105263,0.991573,0.952,0.6,0.956757,0.157895,0.994382,0.952,0.6,0.956757,0.157895,0.994382,
351,Bearing,0.957333,0.8,0.959459,0.210526,0.997191,0.952,0.6,0.956757,0.157895,0.994382,0.936,0,0.948649,0,0.985955,
352,Bearing,0.941333,0.2,0.951351,0.0526316,0.988764,0.941333,0.2,0.951351,0.0526316,0.988764,0.941333,0.2,0.951351,0.0526316,0.988764,
353,Bearing,0.941333,0.2,0.951351,0.0526316,0.988764,0.941333,0.2,0.951351,0.0526316,0.988764,0.936,0,0.948649,0,0.985955,
354,Bearing,0.936,0,0.948649,0,0.985955,0.936,0,0.948649,0,0.985955,0.941333,0.2,0.951351,0.0526316,0.988764,
355,Bearing,0.946667,0.4,0.954054,0.105263,0.991573,0.946667,0.4,0.954054,0.105263,0.991573,0.952,0.6,0.956757,0.157895,0.994382,
356,Bearing,0.946667,0.4,0.954054,0.105263,0.991573,0.946667,0.4,0.954054,0.105263,0.991573,0.946667,0.4,0.954054,0.105263,0.991573,
358,Bearing,0.941333,0.2,0.951351,0.0526316,0.988764,0.941333,0.2,0.951351,0.0526316,0.988764,0.941333,0.2,0.951351,0.0526316,0.988764,
359,Bearing,0.941333,0.2,0.951351,0.0526316,0.988764,0.941333,0.2,0.951351,0.0526316,0.988764,0.941333,0.2,0.951351,0.0526316,0.988764,
360,Bearing,0.941333,0.2,0.951351,0.0526316,0.988764,0.941333,0.2,0.951351,0.0526316,0.988764,0.941333,0.2,0.951351,0.0526316,0.988764,
361,Vase,0.938667,0.2,0.948649,0.05,0.988732,0.938667,0.2,0.948649,0.05,0.988732,0.938667,0.2,0.948649,0.05,0.988732,
362,Vase,0.933333,0,0.945946,0,0.985915,0.933333,0,0.945946,0,0.985915,0.938667,0.2,0.948649,0.05,0.988732,
363,Vase,0.938667,0.2,0.948649,0.05,0.988732,0.938667,0.2,0.948649,0.05,0.988732,0.944,0.4,0.951351,0.1,0.991549,
364,Vase,0.944,0.4,0.951351,0.1,0.991549,0.949333,0.6,0.954054,0.15,0.994366,0.933333,0,0.945946,0,0.985915,
365,Vase,0.933333,0,0.945946,0,0.985915,0.933333,0,0.945946,0,0.985915,0.938667,0.2,0.948649,0.05,0.988732,
366,Vase,0.944,0.4,0.951351,0.1,0.991549,0.949333,0.6,0.954054,0.15,0.994366,0.933333,0,0.945946,0,0.985915,
367,Vase,0.954667,0.8,0.956757,0.2,0.997183,0.954667,0.8,0.956757,0.2,0.997183,0.938667,0.2,0.948649,0.05,0.988732,
368,Vase,0.938667,0.2,0.948649,0.05,0.988732,0.938667,0.2,0.948649,0.05,0.988732,0.944,0.4,0.951351,0.1,0.991549,
369,Vase,0.938667,0.2,0.948649,0.05,0.988732,0.938667,0.2,0.948649,0.05,0.988732,0.938667,0.2,0.948649,0.05,0.988732,
370,Vase,0.938667,0.2,0.948649,0.05,0.988732,0.938667,0.2,0.948649,0.05,0.988732,0.949333,0.6,0.954054,0.15,0.994366,
371,Vase,0.938667,0.2,0.948649,0.05,0.988732,0.938667,0.2,0.948649,0.05,0.988732,0.938667,0.2,0.948649,0.05,0.988732,
372,Vase,0.938667,0.2,0.948649,0.05,0.988732,0.938667,0.2,0.948649,0.05,0.988732,0.938667,0.2,0.948649,0.05,0.988732,
373,Vase,0.944,0.4,0.951351,0.1,0.991549,0.944,0.4,0.951351,0.1,0.991549,0.944,0.4,0.951351,0.1,0.991549,
374,Vase,0.944,0.4,0.951351,0.1,0.991549,0.944,0.4,0.951351,0.1,0.991549,0.938667,0.2,0.948649,0.05,0.988732,
375,Vase,0.938667,0.2,0.948649,0.05,0.988732,0.938667,0.2,0.948649,0.05,0.988732,0.933333,0,0.945946,0,0.985915,
376,Vase,0.944,0.4,0.951351,0.1,0.991549,0.938667,0.2,0.948649,0.05,0.988732,0.938667,0.2,0.948649,0.05,0.988732,
377,Vase,0.944,0.4,0.951351,0.1,0.991549,0.949333,0.6,0.954054,0.15,0.994366,0.938667,0.2,0.948649,0.05,0.988732,
378,Vase,0.938667,0.2,0.948649,0.05,0.988732,0.938667,0.2,0.948649,0.05,0.988732,0.944,0.4,0.951351,0.1,0.991549,
379,Vase,0.954667,0.8,0.956757,0.2,0.997183,0.954667,0.8,0.956757,0.2,0.997183,0.938667,0.2,0.948649,0.05,0.988732,
380,Vase,0.944,0.4,0.951351,0.1,0.991549,0.938667,0.2,0.948649,0.05,0.988732,0.944,0.4,0.951351,0.1,0.991549,
381,Fourleg,0.949333,0.6,0.954054,0.15,0.994366,0.949333,0.6,0.954054,0.15,0.994366,0.933333,0,0.945946,0,0.985915,
382,Fourleg,0.944,0.4,0.951351,0.1,0.991549,0.938667,0.2,0.948649,0.05,0.988732,0.938667,0.2,0.948649,0.05,0.988732,
383,Fourleg,0.944,0.4,0.951351,0.1,0.991549,0.944,0.4,0.951351,0.1,0.991549,0.933333,0,0.945946,0,0.985915,
384,Fourleg,0.949333,0.6,0.954054,0.15,0.994366,0.949333,0.6,0.954054,0.15,0.994366,0.938667,0.2,0.948649,0.05,0.988732,
385,Fourleg,0.944,0.4,0.951351,0.1,0.991549,0.944,0.4,0.951351,0.1,0.991549,0.933333,0,0.945946,0,0.985915,
386,Fourleg,0.933333,0,0.945946,0,0.985915,0.938667,0.2,0.948649,0.05,0.988732,0.933333,0,0.945946,0,0.985915,
387,Fourleg,0.949333,0.6,0.954054,0.15,0.994366,0.949333,0.6,0.954054,0.15,0.994366,0.938667,0.2,0.948649,0.05,0.988732,
388,Fourleg,0.944,0.4,0.951351,0.1,0.991549,0.944,0.4,0.951351,0.1,0.991549,0.944,0.4,0.951351,0.1,0.991549,
389,Fourleg,0.938667,0.2,0.948649,0.05,0.988732,0.938667,0.2,0.948649,0.05,0.988732,0.933333,0,0.945946,0,0.985915,
390,Fourleg,0.933333,0,0.945946,0,0.985915,0.933333,0,0.945946,0,0.985915,0.933333,0,0.945946,0,0.985915,
391,Fourleg,0.933333,0,0.945946,0,0.985915,0.933333,0,0.945946,0,0.985915,0.938667,0.2,0.948649,0.05,0.988732,
392,Fourleg,0.938667,0.2,0.948649,0.05,0.988732,0.938667,0.2,0.948649,0.05,0.988732,0.944,0.4,0.951351,0.1,0.991549,
393,Fourleg,0.933333,0,0.945946,0,0.985915,0.933333,0,0.945946,0,0.985915,0.938667,0.2,0.948649,0.05,0.988732,
394,Fourleg,0.938667,0.2,0.948649,0.05,0.988732,0.938667,0.2,0.948649,0.05,0.988732,0.933333,0,0.945946,0,0.985915,
395,Fourleg,0.954667,0.8,0.956757,0.2,0.997183,0.954667,0.8,0.956757,0.2,0.997183,0.938667,0.2,0.948649,0.05,0.988732,
396,Fourleg,0.944,0.4,0.951351,0.1,0.991549,0.938667,0.2,0.948649,0.05,0.988732,0.944,0.4,0.951351,0.1,0.991549,
397,Fourleg,0.954667,0.8,0.956757,0.2,0.997183,0.954667,0.8,0.956757,0.2,0.997183,0.933333,0,0.945946,0,0.985915,
398,Fourleg,0.949333,0.6,0.954054,0.15,0.994366,0.944,0.4,0.951351,0.1,0.991549,0.944,0.4,0.951351,0.1,0.991549,
399,Fourleg,0.949333,0.6,0.954054,0.15,0.994366,0.944,0.4,0.951351,0.1,0.991549,0.938667,0.2,0.948649,0.05,0.988732,
400,Fourleg,0.944,0.4,0.951351,0.1,0.991549,0.938667,0.2,0.948649,0.05,0.988732,0.938667,0.2,0.948649,0.05,0.988732,
